alignment	tree_id	group	rank	au_test
clean_COI.phy-out.fas	1		1	0.650
clean_COI.phy-out.fas	2		2	0.350
clean_CYTB.phy-out.fas	1		1	0.509
clean_CYTB.phy-out.fas	2		2	0.491
clean_E0001.phy-out.fas	2		1	0.768
clean_E0001.phy-out.fas	1		2	0.232
clean_E0003.phy-out.fas	2		1	0.896
clean_E0003.phy-out.fas	1		2	0.104
clean_E0009.phy-out.fas	1		1	0.727
clean_E0009.phy-out.fas	2		2	0.273
clean_E0010.phy-out.fas	1		1	0.561
clean_E0010.phy-out.fas	2		2	0.439
clean_E0011.phy-out.fas	2		1	0.728
clean_E0011.phy-out.fas	1		2	0.272
clean_E0012.phy-out.fas	2		1	0.592
clean_E0012.phy-out.fas	1		2	0.408
clean_E0013.phy-out.fas	2		1	0.682
clean_E0013.phy-out.fas	1		2	0.318
clean_E0014.phy-out.fas	2		1	0.698
clean_E0014.phy-out.fas	1		2	0.302
clean_E0020.phy-out.fas	2		1	0.779
clean_E0020.phy-out.fas	1		2	0.221
clean_E0022.phy-out.fas	2		1	0.999
clean_E0022.phy-out.fas	1		2	0.001
clean_E0026.phy-out.fas	2		1	0.846
clean_E0026.phy-out.fas	1		2	0.154
clean_E0027.phy-out.fas	1		1	0.897
clean_E0027.phy-out.fas	2		2	0.103
clean_E0028.phy-out.fas	1		1	0.921
clean_E0028.phy-out.fas	2		2	0.079
clean_E0031.phy-out.fas	1		1	0.548
clean_E0031.phy-out.fas	2		2	0.452
clean_E0033.phy-out.fas	2		1	0.841
clean_E0033.phy-out.fas	1		2	0.159
clean_E0042.phy-out.fas	1		1	0.955
clean_E0042.phy-out.fas	2		2	0.045
clean_E0044.phy-out.fas	1		1	0.537
clean_E0044.phy-out.fas	2		2	0.463
clean_E0045.phy-out.fas	1		1	0.940
clean_E0045.phy-out.fas	2		2	0.060
clean_E0050.phy-out.fas	1		1	0.841
clean_E0050.phy-out.fas	2		2	0.159
clean_E0052.phy-out.fas	2		1	0.988
clean_E0052.phy-out.fas	1		2	0.012
clean_E0055.phy-out.fas	1		1	0.617
clean_E0055.phy-out.fas	2		2	0.383
clean_E0060.phy-out.fas	1		1	0.735
clean_E0060.phy-out.fas	2		2	0.265
clean_E0061.phy-out.fas	1		1	0.929
clean_E0061.phy-out.fas	2		2	0.071
clean_E0062.phy-out.fas	1		1	0.578
clean_E0062.phy-out.fas	2		2	0.422
clean_E0065.phy-out.fas	1		1	0.757
clean_E0065.phy-out.fas	2		2	0.243
clean_E0072.phy-out.fas	2		1	0.511
clean_E0072.phy-out.fas	1		2	0.489
clean_E0075.phy-out.fas	2		1	0.845
clean_E0075.phy-out.fas	1		2	0.155
clean_E0080.phy-out.fas	1		1	0.913
clean_E0080.phy-out.fas	2		2	0.087
clean_E0083.phy-out.fas	1		1	0.646
clean_E0083.phy-out.fas	2		2	0.354
clean_E0084.phy-out.fas	1		1	0.822
clean_E0084.phy-out.fas	2		2	0.178
clean_E0086.phy-out.fas	2		1	0.999
clean_E0086.phy-out.fas	1		2	0.001
clean_E0089.phy-out.fas	2		1	0.989
clean_E0089.phy-out.fas	1		2	0.011
clean_E0095.phy-out.fas	1		1	0.696
clean_E0095.phy-out.fas	2		2	0.304
clean_E0099.phy-out.fas	2		1	0.916
clean_E0099.phy-out.fas	1		2	0.084
clean_E0104.phy-out.fas	2		1	0.535
clean_E0104.phy-out.fas	1		2	0.465
clean_E0108.phy-out.fas	2		1	0.775
clean_E0108.phy-out.fas	1		2	0.225
clean_E0109.phy-out.fas	2		1	0.799
clean_E0109.phy-out.fas	1		2	0.201
clean_E0110.phy-out.fas	1		1	0.775
clean_E0110.phy-out.fas	2		2	0.225
clean_E0114.phy-out.fas	2		1	0.792
clean_E0114.phy-out.fas	1		2	0.208
clean_E0115.phy-out.fas	2		1	0.910
clean_E0115.phy-out.fas	1		2	0.090
clean_E0117.phy-out.fas	1		1	0.951
clean_E0117.phy-out.fas	2		2	0.049
clean_E0119.phy-out.fas	1		1	0.678
clean_E0119.phy-out.fas	2		2	0.322
clean_E0120.phy-out.fas	2		1	0.653
clean_E0120.phy-out.fas	1		2	0.347
clean_E0121.phy-out.fas	1		1	0.787
clean_E0121.phy-out.fas	2		2	0.213
clean_E0122.phy-out.fas	1		1	0.713
clean_E0122.phy-out.fas	2		2	0.287
clean_E0126.phy-out.fas	2		1	0.736
clean_E0126.phy-out.fas	1		2	0.264
clean_E0127.phy-out.fas	1		1	0.971
clean_E0127.phy-out.fas	2		2	0.029
clean_E0130.phy-out.fas	2		1	0.897
clean_E0130.phy-out.fas	1		2	0.103
clean_E0132.phy-out.fas	2		1	0.563
clean_E0132.phy-out.fas	1		2	0.437
clean_E0138.phy-out.fas	2		1	0.600
clean_E0138.phy-out.fas	1		2	0.400
clean_E0145.phy-out.fas	2		1	0.811
clean_E0145.phy-out.fas	1		2	0.189
clean_E0147.phy-out.fas	1		1	0.703
clean_E0147.phy-out.fas	2		2	0.297
clean_E0148.phy-out.fas	2		1	0.881
clean_E0148.phy-out.fas	1		2	0.119
clean_E0151.phy-out.fas	2		1	0.542
clean_E0151.phy-out.fas	1		2	0.458
clean_E0154.phy-out.fas	2		1	0.522
clean_E0154.phy-out.fas	1		2	0.478
clean_E0157.phy-out.fas	2		1	0.607
clean_E0157.phy-out.fas	1		2	0.393
clean_E0158.phy-out.fas	2		1	0.766
clean_E0158.phy-out.fas	1		2	0.234
clean_E0160.phy-out.fas	2		1	0.982
clean_E0160.phy-out.fas	1		2	0.018
clean_E0161.phy-out.fas	2		1	0.928
clean_E0161.phy-out.fas	1		2	0.072
clean_E0167.phy-out.fas	2		1	0.544
clean_E0167.phy-out.fas	1		2	0.456
clean_E0170.phy-out.fas	2		1	0.868
clean_E0170.phy-out.fas	1		2	0.132
clean_E0171.phy-out.fas	1		1	0.967
clean_E0171.phy-out.fas	2		2	0.033
clean_E0176.phy-out.fas	1		1	0.631
clean_E0176.phy-out.fas	2		2	0.369
clean_E0177.phy-out.fas	2		1	0.740
clean_E0177.phy-out.fas	1		2	0.260
clean_E0178.phy-out.fas	1		1	0.963
clean_E0178.phy-out.fas	2		2	0.037
clean_E0179.phy-out.fas	2		1	0.975
clean_E0179.phy-out.fas	1		2	0.025
clean_E0185.phy-out.fas	2		1	0.517
clean_E0185.phy-out.fas	1		2	0.483
clean_E0186.phy-out.fas	2		1	0.570
clean_E0186.phy-out.fas	1		2	0.430
clean_E0188.phy-out.fas	1		1	0.941
clean_E0188.phy-out.fas	2		2	0.059
clean_E0191.phy-out.fas	1		1	0.594
clean_E0191.phy-out.fas	2		2	0.406
clean_E0193.phy-out.fas	1		1	0.896
clean_E0193.phy-out.fas	2		2	0.104
clean_E0195.phy-out.fas	1		1	0.891
clean_E0195.phy-out.fas	2		2	0.109
clean_E0199.phy-out.fas	2		1	0.955
clean_E0199.phy-out.fas	1		2	0.045
clean_E0203.phy-out.fas	1		1	0.693
clean_E0203.phy-out.fas	2		2	0.307
clean_E0208.phy-out.fas	2		1	0.960
clean_E0208.phy-out.fas	1		2	0.040
clean_E0210.phy-out.fas	2		1	0.995
clean_E0210.phy-out.fas	1		2	0.005
clean_E0211.phy-out.fas	1		1	0.926
clean_E0211.phy-out.fas	2		2	0.074
clean_E0213.phy-out.fas	2		1	0.690
clean_E0213.phy-out.fas	1		2	0.310
clean_E0216.phy-out.fas	2		1	0.932
clean_E0216.phy-out.fas	1		2	0.068
clean_E0217.phy-out.fas	2		1	0.938
clean_E0217.phy-out.fas	1		2	0.062
clean_E0220.phy-out.fas	2		1	0.575
clean_E0220.phy-out.fas	1		2	0.425
clean_E0222.phy-out.fas	1		1	0.986
clean_E0222.phy-out.fas	2		2	0.014
clean_E0227.phy-out.fas	2		1	0.720
clean_E0227.phy-out.fas	1		2	0.280
clean_E0228.phy-out.fas	1		1	0.608
clean_E0228.phy-out.fas	2		2	0.392
clean_E0229.phy-out.fas	2		1	0.752
clean_E0229.phy-out.fas	1		2	0.248
clean_E0230.phy-out.fas	2		1	0.948
clean_E0230.phy-out.fas	1		2	0.052
clean_E0233.phy-out.fas	1		1	0.513
clean_E0233.phy-out.fas	2		2	0.487
clean_E0235.phy-out.fas	2		1	0.963
clean_E0235.phy-out.fas	1		2	0.037
clean_E0239.phy-out.fas	1		1	0.774
clean_E0239.phy-out.fas	2		2	0.226
clean_E0240.phy-out.fas	1		1	0.689
clean_E0240.phy-out.fas	2		2	0.311
clean_E0241.phy-out.fas	1		1	0.538
clean_E0241.phy-out.fas	2		2	0.462
clean_E0242.phy-out.fas	2		1	0.990
clean_E0242.phy-out.fas	1		2	0.010
clean_E0247.phy-out.fas	2		1	0.998
clean_E0247.phy-out.fas	1		2	0.002
clean_E0249.phy-out.fas	2		1	0.879
clean_E0249.phy-out.fas	1		2	0.121
clean_E0250.phy-out.fas	2		1	0.957
clean_E0250.phy-out.fas	1		2	0.043
clean_E0253.phy-out.fas	1		1	0.542
clean_E0253.phy-out.fas	2		2	0.458
clean_E0255.phy-out.fas	2		1	0.772
clean_E0255.phy-out.fas	1		2	0.228
clean_E0257.phy-out.fas	2		1	0.753
clean_E0257.phy-out.fas	1		2	0.247
clean_E0263.phy-out.fas	1		1	0.569
clean_E0263.phy-out.fas	2		2	0.431
clean_E0264.phy-out.fas	2		1	0.585
clean_E0264.phy-out.fas	1		2	0.415
clean_E0266.phy-out.fas	2		1	0.775
clean_E0266.phy-out.fas	1		2	0.225
clean_E0267.phy-out.fas	2		1	0.960
clean_E0267.phy-out.fas	1		2	0.040
clean_E0268.phy-out.fas	1		1	0.931
clean_E0268.phy-out.fas	2		2	0.069
clean_E0269.phy-out.fas	2		1	0.641
clean_E0269.phy-out.fas	1		2	0.359
clean_E0270.phy-out.fas	2		1	0.862
clean_E0270.phy-out.fas	1		2	0.138
clean_E0275.phy-out.fas	1		1	0.665
clean_E0275.phy-out.fas	2		2	0.335
clean_E0278.phy-out.fas	2		1	0.798
clean_E0278.phy-out.fas	1		2	0.202
clean_E0281.phy-out.fas	2		1	0.930
clean_E0281.phy-out.fas	1		2	0.070
clean_E0282.phy-out.fas	2		1	0.911
clean_E0282.phy-out.fas	1		2	0.089
clean_E0283.phy-out.fas	2		1	0.538
clean_E0283.phy-out.fas	1		2	0.462
clean_E0293.phy-out.fas	1		1	0.592
clean_E0293.phy-out.fas	2		2	0.408
clean_E0295.phy-out.fas	1		1	0.952
clean_E0295.phy-out.fas	2		2	0.048
clean_E0297.phy-out.fas	1		1	0.633
clean_E0297.phy-out.fas	2		2	0.367
clean_E0299.phy-out.fas	2		1	0.899
clean_E0299.phy-out.fas	1		2	0.101
clean_E0301.phy-out.fas	2		1	0.801
clean_E0301.phy-out.fas	1		2	0.199
clean_E0302.phy-out.fas	1		1	0.517
clean_E0302.phy-out.fas	2		2	0.483
clean_E0303.phy-out.fas	1		1	0.574
clean_E0303.phy-out.fas	2		2	0.426
clean_E0306.phy-out.fas	2		1	0.850
clean_E0306.phy-out.fas	1		2	0.150
clean_E0310.phy-out.fas	1		1	0.902
clean_E0310.phy-out.fas	2		2	0.098
clean_E0311.phy-out.fas	1		1	0.866
clean_E0311.phy-out.fas	2		2	0.134
clean_E0312.phy-out.fas	2		1	0.700
clean_E0312.phy-out.fas	1		2	0.300
clean_E0314.phy-out.fas	1		1	0.954
clean_E0314.phy-out.fas	2		2	0.046
clean_E0316.phy-out.fas	2		1	0.538
clean_E0316.phy-out.fas	1		2	0.462
clean_E0320.phy-out.fas	1		1	0.737
clean_E0320.phy-out.fas	2		2	0.263
clean_E0324.phy-out.fas	1		1	0.548
clean_E0324.phy-out.fas	2		2	0.452
clean_E0327.phy-out.fas	1		1	0.603
clean_E0327.phy-out.fas	2		2	0.397
clean_E0328.phy-out.fas	1		1	0.888
clean_E0328.phy-out.fas	2		2	0.112
clean_E0329.phy-out.fas	2		1	0.845
clean_E0329.phy-out.fas	1		2	0.155
clean_E0331.phy-out.fas	2		1	0.812
clean_E0331.phy-out.fas	1		2	0.188
clean_E0334.phy-out.fas	2		1	0.897
clean_E0334.phy-out.fas	1		2	0.103
clean_E0336.phy-out.fas	2		1	0.844
clean_E0336.phy-out.fas	1		2	0.156
clean_E0338.phy-out.fas	1		1	0.604
clean_E0338.phy-out.fas	2		2	0.396
clean_E0339.phy-out.fas	2		1	0.987
clean_E0339.phy-out.fas	1		2	0.013
clean_E0340.phy-out.fas	1		1	0.699
clean_E0340.phy-out.fas	2		2	0.301
clean_E0341.phy-out.fas	2		1	0.849
clean_E0341.phy-out.fas	1		2	0.151
clean_E0343.phy-out.fas	2		1	0.565
clean_E0343.phy-out.fas	1		2	0.435
clean_E0344.phy-out.fas	1		1	0.709
clean_E0344.phy-out.fas	2		2	0.291
clean_E0345.phy-out.fas	2		1	0.946
clean_E0345.phy-out.fas	1		2	0.054
clean_E0347.phy-out.fas	2		1	0.648
clean_E0347.phy-out.fas	1		2	0.352
clean_E0352.phy-out.fas	1		1	0.708
clean_E0352.phy-out.fas	2		2	0.292
clean_E0353.phy-out.fas	1		1	0.644
clean_E0353.phy-out.fas	2		2	0.356
clean_E0354.phy-out.fas	1		1	0.850
clean_E0354.phy-out.fas	2		2	0.150
clean_E0355.phy-out.fas	2		1	0.558
clean_E0355.phy-out.fas	1		2	0.442
clean_E0357.phy-out.fas	1		1	0.756
clean_E0357.phy-out.fas	2		2	0.244
clean_E0359.phy-out.fas	2		1	0.634
clean_E0359.phy-out.fas	1		2	0.366
clean_E0363.phy-out.fas	2		1	0.993
clean_E0363.phy-out.fas	1		2	0.007
clean_E0364.phy-out.fas	2		1	0.895
clean_E0364.phy-out.fas	1		2	0.105
clean_E0366.phy-out.fas	2		1	0.906
clean_E0366.phy-out.fas	1		2	0.094
clean_E0367.phy-out.fas	2		1	0.730
clean_E0367.phy-out.fas	1		2	0.270
clean_E0374.phy-out.fas	2		1	0.754
clean_E0374.phy-out.fas	1		2	0.246
clean_E0375.phy-out.fas	2		1	0.719
clean_E0375.phy-out.fas	1		2	0.281
clean_E0376.phy-out.fas	2		1	0.482
clean_E0376.phy-out.fas	1		2	0.518
clean_E0377.phy-out.fas	1		1	0.812
clean_E0377.phy-out.fas	2		2	0.188
clean_E0378.phy-out.fas	1		1	0.781
clean_E0378.phy-out.fas	2		2	0.219
clean_E0379.phy-out.fas	2		1	0.900
clean_E0379.phy-out.fas	1		2	0.100
clean_E0383.phy-out.fas	1		1	0.967
clean_E0383.phy-out.fas	2		2	0.033
clean_E0384.phy-out.fas	1		1	0.555
clean_E0384.phy-out.fas	2		2	0.445
clean_E0385.phy-out.fas	2		1	0.930
clean_E0385.phy-out.fas	1		2	0.070
clean_E0393.phy-out.fas	2		1	0.495
clean_E0393.phy-out.fas	1		2	0.505
clean_E0395.phy-out.fas	2		1	0.677
clean_E0395.phy-out.fas	1		2	0.323
clean_E0399.phy-out.fas	2		1	0.535
clean_E0399.phy-out.fas	1		2	0.465
clean_E0403.phy-out.fas	1		1	0.590
clean_E0403.phy-out.fas	2		2	0.410
clean_E0404.phy-out.fas	2		1	0.796
clean_E0404.phy-out.fas	1		2	0.204
clean_E0410.phy-out.fas	2		1	0.808
clean_E0410.phy-out.fas	1		2	0.192
clean_E0411.phy-out.fas	1		1	0.585
clean_E0411.phy-out.fas	2		2	0.415
clean_E0412.phy-out.fas	2		1	0.956
clean_E0412.phy-out.fas	1		2	0.044
clean_E0413.phy-out.fas	1		1	0.904
clean_E0413.phy-out.fas	2		2	0.096
clean_E0415.phy-out.fas	2		1	0.923
clean_E0415.phy-out.fas	1		2	0.077
clean_E0416.phy-out.fas	1		1	0.739
clean_E0416.phy-out.fas	2		2	0.261
clean_E0419.phy-out.fas	1		1	0.575
clean_E0419.phy-out.fas	2		2	0.425
clean_E0428.phy-out.fas	1		1	0.987
clean_E0428.phy-out.fas	2		2	0.013
clean_E0430.phy-out.fas	1		1	0.602
clean_E0430.phy-out.fas	2		2	0.398
clean_E0433.phy-out.fas	2		1	0.719
clean_E0433.phy-out.fas	1		2	0.281
clean_E0436.phy-out.fas	2		1	0.681
clean_E0436.phy-out.fas	1		2	0.319
clean_E0440.phy-out.fas	1		1	0.820
clean_E0440.phy-out.fas	2		2	0.180
clean_E0442.phy-out.fas	2		1	0.622
clean_E0442.phy-out.fas	1		2	0.378
clean_E0444.phy-out.fas	2		1	0.627
clean_E0444.phy-out.fas	1		2	0.373
clean_E0445.phy-out.fas	2		1	0.959
clean_E0445.phy-out.fas	1		2	0.041
clean_E0447.phy-out.fas	2		1	0.634
clean_E0447.phy-out.fas	1		2	0.366
clean_E0448.phy-out.fas	2		1	0.993
clean_E0448.phy-out.fas	1		2	0.007
clean_E0450.phy-out.fas	2		1	0.689
clean_E0450.phy-out.fas	1		2	0.311
clean_E0451.phy-out.fas	2		1	0.604
clean_E0451.phy-out.fas	1		2	0.396
clean_E0456.phy-out.fas	1		1	0.550
clean_E0456.phy-out.fas	2		2	0.450
clean_E0458.phy-out.fas	1		1	0.976
clean_E0458.phy-out.fas	2		2	0.024
clean_E0460.phy-out.fas	2		1	0.845
clean_E0460.phy-out.fas	1		2	0.155
clean_E0461.phy-out.fas	1		1	0.821
clean_E0461.phy-out.fas	2		2	0.179
clean_E0464.phy-out.fas	2		1	0.712
clean_E0464.phy-out.fas	1		2	0.288
clean_E0466.phy-out.fas	2		1	0.716
clean_E0466.phy-out.fas	1		2	0.284
clean_E0467.phy-out.fas	1		1	0.938
clean_E0467.phy-out.fas	2		2	0.062
clean_E0470.phy-out.fas	1		1	0.993
clean_E0470.phy-out.fas	2		2	0.007
clean_E0471.phy-out.fas	1		1	0.744
clean_E0471.phy-out.fas	2		2	0.256
clean_E0476.phy-out.fas	1		1	0.660
clean_E0476.phy-out.fas	2		2	0.340
clean_E0484.phy-out.fas	2		1	0.585
clean_E0484.phy-out.fas	1		2	0.415
clean_E0486.phy-out.fas	2		1	0.994
clean_E0486.phy-out.fas	1		2	0.006
clean_E0487.phy-out.fas	1		1	0.514
clean_E0487.phy-out.fas	2		2	0.486
clean_E0488.phy-out.fas	1		1	0.960
clean_E0488.phy-out.fas	2		2	0.040
clean_E0490.phy-out.fas	2		1	0.990
clean_E0490.phy-out.fas	1		2	0.010
clean_E0496.phy-out.fas	2		1	0.933
clean_E0496.phy-out.fas	1		2	0.067
clean_E0497.phy-out.fas	2		1	0.736
clean_E0497.phy-out.fas	1		2	0.264
clean_E0499.phy-out.fas	2		1	0.532
clean_E0499.phy-out.fas	1		2	0.468
clean_E0503.phy-out.fas	2		1	0.858
clean_E0503.phy-out.fas	1		2	0.142
clean_E0505.phy-out.fas	2		1	0.741
clean_E0505.phy-out.fas	1		2	0.259
clean_E0506.phy-out.fas	2		1	0.715
clean_E0506.phy-out.fas	1		2	0.285
clean_E0507.phy-out.fas	2		1	0.988
clean_E0507.phy-out.fas	1		2	0.012
clean_E0509.phy-out.fas	2		1	0.977
clean_E0509.phy-out.fas	1		2	0.023
clean_E0511.phy-out.fas	1		1	0.749
clean_E0511.phy-out.fas	2		2	0.251
clean_E0514.phy-out.fas	1		1	0.735
clean_E0514.phy-out.fas	2		2	0.265
clean_E0516.phy-out.fas	2		1	0.796
clean_E0516.phy-out.fas	1		2	0.204
clean_E0518.phy-out.fas	1		1	0.665
clean_E0518.phy-out.fas	2		2	0.335
clean_E0521.phy-out.fas	2		1	0.707
clean_E0521.phy-out.fas	1		2	0.293
clean_E0522.phy-out.fas	2		1	0.852
clean_E0522.phy-out.fas	1		2	0.148
clean_E0523.phy-out.fas	2		1	0.704
clean_E0523.phy-out.fas	1		2	0.296
clean_E0525.phy-out.fas	2		1	0.693
clean_E0525.phy-out.fas	1		2	0.307
clean_E0526.phy-out.fas	1		1	0.642
clean_E0526.phy-out.fas	2		2	0.358
clean_E0527.phy-out.fas	2		1	0.673
clean_E0527.phy-out.fas	1		2	0.327
clean_E0528.phy-out.fas	2		1	0.840
clean_E0528.phy-out.fas	1		2	0.160
clean_E0529.phy-out.fas	2		1	0.607
clean_E0529.phy-out.fas	1		2	0.393
clean_E0530.phy-out.fas	1		1	0.754
clean_E0530.phy-out.fas	2		2	0.246
clean_E0531.phy-out.fas	2		1	0.952
clean_E0531.phy-out.fas	1		2	0.048
clean_E0532.phy-out.fas	1		1	0.589
clean_E0532.phy-out.fas	2		2	0.411
clean_E0533.phy-out.fas	2		1	0.959
clean_E0533.phy-out.fas	1		2	0.041
clean_E0534.phy-out.fas	2		1	0.577
clean_E0534.phy-out.fas	1		2	0.423
clean_E0535.phy-out.fas	2		1	0.870
clean_E0535.phy-out.fas	1		2	0.130
clean_E0536.phy-out.fas	2		1	0.993
clean_E0536.phy-out.fas	1		2	0.007
clean_E0537.phy-out.fas	2		1	0.751
clean_E0537.phy-out.fas	1		2	0.249
clean_E0538.phy-out.fas	1		1	0.945
clean_E0538.phy-out.fas	2		2	0.055
clean_E0540.phy-out.fas	2		1	0.886
clean_E0540.phy-out.fas	1		2	0.114
clean_E0541.phy-out.fas	2		1	0.637
clean_E0541.phy-out.fas	1		2	0.363
clean_E0542.phy-out.fas	1		1	0.665
clean_E0542.phy-out.fas	2		2	0.335
clean_E0543.phy-out.fas	1		1	0.557
clean_E0543.phy-out.fas	2		2	0.443
clean_E0544.phy-out.fas	2		1	0.653
clean_E0544.phy-out.fas	1		2	0.347
clean_E0546.phy-out.fas	2		1	0.641
clean_E0546.phy-out.fas	1		2	0.359
clean_E0551.phy-out.fas	2		1	0.729
clean_E0551.phy-out.fas	1		2	0.271
clean_E0552.phy-out.fas	1		1	0.633
clean_E0552.phy-out.fas	2		2	0.367
clean_E0553.phy-out.fas	1		1	0.748
clean_E0553.phy-out.fas	2		2	0.252
clean_E0554.phy-out.fas	2		1	0.539
clean_E0554.phy-out.fas	1		2	0.461
clean_E0555.phy-out.fas	1		1	0.705
clean_E0555.phy-out.fas	2		2	0.295
clean_E0556.phy-out.fas	2		1	0.930
clean_E0556.phy-out.fas	1		2	0.070
clean_E0558.phy-out.fas	2		1	0.723
clean_E0558.phy-out.fas	1		2	0.277
clean_E0559.phy-out.fas	2		1	0.541
clean_E0559.phy-out.fas	1		2	0.459
clean_E0561.phy-out.fas	1		1	0.999
clean_E0561.phy-out.fas	2		2	0.001
clean_E0562.phy-out.fas	1		1	0.676
clean_E0562.phy-out.fas	2		2	0.324
clean_E0563.phy-out.fas	2		1	0.934
clean_E0563.phy-out.fas	1		2	0.066
clean_E0565.phy-out.fas	1		1	0.582
clean_E0565.phy-out.fas	2		2	0.418
clean_E0572.phy-out.fas	1		1	0.635
clean_E0572.phy-out.fas	2		2	0.365
clean_E0574.phy-out.fas	2		1	0.899
clean_E0574.phy-out.fas	1		2	0.101
clean_E0576.phy-out.fas	2		1	0.727
clean_E0576.phy-out.fas	1		2	0.273
clean_E0580.phy-out.fas	2		1	0.848
clean_E0580.phy-out.fas	1		2	0.152
clean_E0583.phy-out.fas	1		1	0.625
clean_E0583.phy-out.fas	2		2	0.375
clean_E0587.phy-out.fas	2		1	0.525
clean_E0587.phy-out.fas	1		2	0.475
clean_E0588.phy-out.fas	2		1	0.761
clean_E0588.phy-out.fas	1		2	0.239
clean_E0589.phy-out.fas	2		1	0.853
clean_E0589.phy-out.fas	1		2	0.147
clean_E0592.phy-out.fas	1		1	0.715
clean_E0592.phy-out.fas	2		2	0.285
clean_E0593.phy-out.fas	2		1	0.880
clean_E0593.phy-out.fas	1		2	0.120
clean_E0594.phy-out.fas	2		1	0.702
clean_E0594.phy-out.fas	1		2	0.298
clean_E0595.phy-out.fas	1		1	0.522
clean_E0595.phy-out.fas	2		2	0.478
clean_E0596.phy-out.fas	2		1	0.947
clean_E0596.phy-out.fas	1		2	0.053
clean_E0597.phy-out.fas	2		1	0.726
clean_E0597.phy-out.fas	1		2	0.274
clean_E0602.phy-out.fas	1		1	0.708
clean_E0602.phy-out.fas	2		2	0.292
clean_E0606.phy-out.fas	2		1	0.947
clean_E0606.phy-out.fas	1		2	0.053
clean_E0607.phy-out.fas	1		1	0.838
clean_E0607.phy-out.fas	2		2	0.162
clean_E0613.phy-out.fas	2		1	0.721
clean_E0613.phy-out.fas	1		2	0.279
clean_E0614.phy-out.fas	2		1	0.642
clean_E0614.phy-out.fas	1		2	0.358
clean_E0615.phy-out.fas	1		1	0.511
clean_E0615.phy-out.fas	2		2	0.489
clean_E0619.phy-out.fas	2		1	0.559
clean_E0619.phy-out.fas	1		2	0.441
clean_E0623.phy-out.fas	2		1	0.747
clean_E0623.phy-out.fas	1		2	0.253
clean_E0624.phy-out.fas	2		1	0.591
clean_E0624.phy-out.fas	1		2	0.409
clean_E0626.phy-out.fas	2		1	0.925
clean_E0626.phy-out.fas	1		2	0.075
clean_E0627.phy-out.fas	1		1	0.938
clean_E0627.phy-out.fas	2		2	0.062
clean_E0628.phy-out.fas	2		1	0.918
clean_E0628.phy-out.fas	1		2	0.082
clean_E0629.phy-out.fas	1		1	0.773
clean_E0629.phy-out.fas	2		2	0.227
clean_E0630.phy-out.fas	1		1	0.953
clean_E0630.phy-out.fas	2		2	0.047
clean_E0633.phy-out.fas	2		1	0.542
clean_E0633.phy-out.fas	1		2	0.458
clean_E0637.phy-out.fas	2		1	0.591
clean_E0637.phy-out.fas	1		2	0.409
clean_E0638.phy-out.fas	2		1	0.624
clean_E0638.phy-out.fas	1		2	0.376
clean_E0639.phy-out.fas	2		1	0.910
clean_E0639.phy-out.fas	1		2	0.090
clean_E0641.phy-out.fas	2		1	0.652
clean_E0641.phy-out.fas	1		2	0.348
clean_E0643.phy-out.fas	1		1	0.700
clean_E0643.phy-out.fas	2		2	0.300
clean_E0646.phy-out.fas	2		1	0.646
clean_E0646.phy-out.fas	1		2	0.354
clean_E0649.phy-out.fas	2		1	0.636
clean_E0649.phy-out.fas	1		2	0.364
clean_E0654.phy-out.fas	2		1	0.616
clean_E0654.phy-out.fas	1		2	0.384
clean_E0658.phy-out.fas	2		1	0.868
clean_E0658.phy-out.fas	1		2	0.132
clean_E0659.phy-out.fas	1		1	0.814
clean_E0659.phy-out.fas	2		2	0.186
clean_E0661.phy-out.fas	2		1	0.864
clean_E0661.phy-out.fas	1		2	0.136
clean_E0662.phy-out.fas	1		1	0.584
clean_E0662.phy-out.fas	2		2	0.416
clean_E0663.phy-out.fas	2		1	0.632
clean_E0663.phy-out.fas	1		2	0.368
clean_E0664.phy-out.fas	1		1	0.803
clean_E0664.phy-out.fas	2		2	0.197
clean_E0665.phy-out.fas	2		1	0.899
clean_E0665.phy-out.fas	1		2	0.101
clean_E0668.phy-out.fas	2		1	0.999
clean_E0668.phy-out.fas	1		2	0.001
clean_E0670.phy-out.fas	1		1	0.491
clean_E0670.phy-out.fas	2		2	0.509
clean_E0671.phy-out.fas	1		1	0.802
clean_E0671.phy-out.fas	2		2	0.198
clean_E0673.phy-out.fas	2		1	0.581
clean_E0673.phy-out.fas	1		2	0.419
clean_E0681.phy-out.fas	2		1	0.572
clean_E0681.phy-out.fas	1		2	0.428
clean_E0682.phy-out.fas	2		1	0.868
clean_E0682.phy-out.fas	1		2	0.132
clean_E0684.phy-out.fas	2		1	0.880
clean_E0684.phy-out.fas	1		2	0.120
clean_E0685.phy-out.fas	1		1	0.972
clean_E0685.phy-out.fas	2		2	0.028
clean_E0686.phy-out.fas	2		1	0.508
clean_E0686.phy-out.fas	1		2	0.492
clean_E0689.phy-out.fas	2		1	0.882
clean_E0689.phy-out.fas	1		2	0.118
clean_E0694.phy-out.fas	2		1	0.518
clean_E0694.phy-out.fas	1		2	0.482
clean_E0696.phy-out.fas	2		1	0.714
clean_E0696.phy-out.fas	1		2	0.286
clean_E0699.phy-out.fas	2		1	0.603
clean_E0699.phy-out.fas	1		2	0.397
clean_E0702.phy-out.fas	2		1	0.842
clean_E0702.phy-out.fas	1		2	0.158
clean_E0706.phy-out.fas	2		1	0.849
clean_E0706.phy-out.fas	1		2	0.151
clean_E0708.phy-out.fas	1		1	0.739
clean_E0708.phy-out.fas	2		2	0.261
clean_E0713.phy-out.fas	2		1	0.709
clean_E0713.phy-out.fas	1		2	0.291
clean_E0714.phy-out.fas	1		1	0.940
clean_E0714.phy-out.fas	2		2	0.060
clean_E0717.phy-out.fas	2		1	0.860
clean_E0717.phy-out.fas	1		2	0.140
clean_E0718.phy-out.fas	1		1	0.825
clean_E0718.phy-out.fas	2		2	0.175
clean_E0719.phy-out.fas	1		1	0.768
clean_E0719.phy-out.fas	2		2	0.232
clean_E0721.phy-out.fas	1		1	0.987
clean_E0721.phy-out.fas	2		2	0.013
clean_E0724.phy-out.fas	1		1	0.768
clean_E0724.phy-out.fas	2		2	0.232
clean_E0726.phy-out.fas	2		1	0.990
clean_E0726.phy-out.fas	1		2	0.010
clean_E0727.phy-out.fas	2		1	0.920
clean_E0727.phy-out.fas	1		2	0.080
clean_E0729.phy-out.fas	2		1	0.544
clean_E0729.phy-out.fas	1		2	0.456
clean_E0734.phy-out.fas	1		1	0.542
clean_E0734.phy-out.fas	2		2	0.458
clean_E0735.phy-out.fas	1		1	0.581
clean_E0735.phy-out.fas	2		2	0.419
clean_E0738.phy-out.fas	1		1	0.989
clean_E0738.phy-out.fas	2		2	0.011
clean_E0740.phy-out.fas	1		1	0.692
clean_E0740.phy-out.fas	2		2	0.308
clean_E0741.phy-out.fas	2		1	0.988
clean_E0741.phy-out.fas	1		2	0.012
clean_E0742.phy-out.fas	2		1	0.954
clean_E0742.phy-out.fas	1		2	0.046
clean_E0743.phy-out.fas	2		1	0.704
clean_E0743.phy-out.fas	1		2	0.296
clean_E0744.phy-out.fas	2		1	0.662
clean_E0744.phy-out.fas	1		2	0.338
clean_E0745.phy-out.fas	1		1	0.978
clean_E0745.phy-out.fas	2		2	0.022
clean_E0747.phy-out.fas	2		1	0.714
clean_E0747.phy-out.fas	1		2	0.286
clean_E0751.phy-out.fas	1		1	0.947
clean_E0751.phy-out.fas	2		2	0.053
clean_E0752.phy-out.fas	1		1	0.588
clean_E0752.phy-out.fas	2		2	0.412
clean_E0758.phy-out.fas	2		1	0.881
clean_E0758.phy-out.fas	1		2	0.119
clean_E0760.phy-out.fas	2		1	0.596
clean_E0760.phy-out.fas	1		2	0.404
clean_E0761.phy-out.fas	2		1	0.996
clean_E0761.phy-out.fas	1		2	0.004
clean_E0764.phy-out.fas	2		1	0.967
clean_E0764.phy-out.fas	1		2	0.033
clean_E0765.phy-out.fas	2		1	0.994
clean_E0765.phy-out.fas	1		2	0.006
clean_E0768.phy-out.fas	1		1	0.661
clean_E0768.phy-out.fas	2		2	0.339
clean_E0770.phy-out.fas	2		1	0.829
clean_E0770.phy-out.fas	1		2	0.171
clean_E0772.phy-out.fas	2		1	0.789
clean_E0772.phy-out.fas	1		2	0.211
clean_E0773.phy-out.fas	2		1	0.934
clean_E0773.phy-out.fas	1		2	0.066
clean_E0778.phy-out.fas	1		1	0.745
clean_E0778.phy-out.fas	2		2	0.255
clean_E0779.phy-out.fas	1		1	0.536
clean_E0779.phy-out.fas	2		2	0.464
clean_E0781.phy-out.fas	2		1	0.645
clean_E0781.phy-out.fas	1		2	0.355
clean_E0784.phy-out.fas	1		1	0.953
clean_E0784.phy-out.fas	2		2	0.047
clean_E0785.phy-out.fas	2		1	0.916
clean_E0785.phy-out.fas	1		2	0.084
clean_E0788.phy-out.fas	2		1	0.634
clean_E0788.phy-out.fas	1		2	0.366
clean_E0789.phy-out.fas	2		1	0.827
clean_E0789.phy-out.fas	1		2	0.173
clean_E0794.phy-out.fas	2		1	0.726
clean_E0794.phy-out.fas	1		2	0.274
clean_E0796.phy-out.fas	1		1	0.819
clean_E0796.phy-out.fas	2		2	0.181
clean_E0797.phy-out.fas	1		1	0.726
clean_E0797.phy-out.fas	2		2	0.274
clean_E0798.phy-out.fas	2		1	0.517
clean_E0798.phy-out.fas	1		2	0.483
clean_E0800.phy-out.fas	2		1	0.632
clean_E0800.phy-out.fas	1		2	0.368
clean_E0802.phy-out.fas	2		1	0.528
clean_E0802.phy-out.fas	1		2	0.472
clean_E0805.phy-out.fas	1		1	0.501
clean_E0805.phy-out.fas	2		2	0.499
clean_E0807.phy-out.fas	2		1	0.569
clean_E0807.phy-out.fas	1		2	0.431
clean_E0808.phy-out.fas	2		1	0.838
clean_E0808.phy-out.fas	1		2	0.162
clean_E0810.phy-out.fas	1		1	0.946
clean_E0810.phy-out.fas	2		2	0.054
clean_E0814.phy-out.fas	1		1	0.712
clean_E0814.phy-out.fas	2		2	0.288
clean_E0817.phy-out.fas	2		1	0.976
clean_E0817.phy-out.fas	1		2	0.024
clean_E0818.phy-out.fas	1		1	0.757
clean_E0818.phy-out.fas	2		2	0.243
clean_E0820.phy-out.fas	1		1	0.755
clean_E0820.phy-out.fas	2		2	0.245
clean_E0822.phy-out.fas	2		1	0.698
clean_E0822.phy-out.fas	1		2	0.302
clean_E0825.phy-out.fas	2		1	0.747
clean_E0825.phy-out.fas	1		2	0.253
clean_E0826.phy-out.fas	2		1	0.910
clean_E0826.phy-out.fas	1		2	0.090
clean_E0827.phy-out.fas	2		1	0.731
clean_E0827.phy-out.fas	1		2	0.269
clean_E0830.phy-out.fas	1		1	0.899
clean_E0830.phy-out.fas	2		2	0.101
clean_E0831.phy-out.fas	2		1	0.758
clean_E0831.phy-out.fas	1		2	0.242
clean_E0832.phy-out.fas	2		1	0.583
clean_E0832.phy-out.fas	1		2	0.417
clean_E0833.phy-out.fas	2		1	0.974
clean_E0833.phy-out.fas	1		2	0.026
clean_E0834.phy-out.fas	2		1	0.951
clean_E0834.phy-out.fas	1		2	0.049
clean_E0835.phy-out.fas	2		1	0.672
clean_E0835.phy-out.fas	1		2	0.328
clean_E0836.phy-out.fas	1		1	0.980
clean_E0836.phy-out.fas	2		2	0.020
clean_E0837.phy-out.fas	1		1	0.556
clean_E0837.phy-out.fas	2		2	0.444
clean_E0839.phy-out.fas	2		1	0.951
clean_E0839.phy-out.fas	1		2	0.049
clean_E0841.phy-out.fas	1		1	0.673
clean_E0841.phy-out.fas	2		2	0.327
clean_E0842.phy-out.fas	1		1	0.868
clean_E0842.phy-out.fas	2		2	0.132
clean_E0844.phy-out.fas	2		1	0.566
clean_E0844.phy-out.fas	1		2	0.434
clean_E0845.phy-out.fas	1		1	0.542
clean_E0845.phy-out.fas	2		2	0.458
clean_E0847.phy-out.fas	2		1	0.686
clean_E0847.phy-out.fas	1		2	0.314
clean_E0848.phy-out.fas	1		1	0.983
clean_E0848.phy-out.fas	2		2	0.017
clean_E0849.phy-out.fas	1		1	0.511
clean_E0849.phy-out.fas	2		2	0.489
clean_E0850.phy-out.fas	2		1	0.742
clean_E0850.phy-out.fas	1		2	0.258
clean_E0852.phy-out.fas	2		1	0.762
clean_E0852.phy-out.fas	1		2	0.238
clean_E0857.phy-out.fas	1		1	0.834
clean_E0857.phy-out.fas	2		2	0.166
clean_E0858.phy-out.fas	2		1	0.965
clean_E0858.phy-out.fas	1		2	0.035
clean_E0860.phy-out.fas	2		1	0.847
clean_E0860.phy-out.fas	1		2	0.153
clean_E0862.phy-out.fas	2		1	0.820
clean_E0862.phy-out.fas	1		2	0.180
clean_E0865.phy-out.fas	2		1	0.815
clean_E0865.phy-out.fas	1		2	0.185
clean_E0868.phy-out.fas	2		1	0.891
clean_E0868.phy-out.fas	1		2	0.109
clean_E0872.phy-out.fas	2		1	0.544
clean_E0872.phy-out.fas	1		2	0.456
clean_E0873.phy-out.fas	1		1	0.644
clean_E0873.phy-out.fas	2		2	0.356
clean_E0874.phy-out.fas	1		1	0.860
clean_E0874.phy-out.fas	2		2	0.140
clean_E0875.phy-out.fas	2		1	0.582
clean_E0875.phy-out.fas	1		2	0.418
clean_E0876.phy-out.fas	1		1	0.789
clean_E0876.phy-out.fas	2		2	0.211
clean_E0877.phy-out.fas	2		1	0.932
clean_E0877.phy-out.fas	1		2	0.068
clean_E0880.phy-out.fas	1		1	0.747
clean_E0880.phy-out.fas	2		2	0.253
clean_E0881.phy-out.fas	2		1	0.635
clean_E0881.phy-out.fas	1		2	0.365
clean_E0883.phy-out.fas	2		1	0.918
clean_E0883.phy-out.fas	1		2	0.082
clean_E0886.phy-out.fas	2		1	0.982
clean_E0886.phy-out.fas	1		2	0.018
clean_E0887.phy-out.fas	2		1	0.794
clean_E0887.phy-out.fas	1		2	0.206
clean_E0891.phy-out.fas	1		1	0.566
clean_E0891.phy-out.fas	2		2	0.434
clean_E0893.phy-out.fas	1		1	0.958
clean_E0893.phy-out.fas	2		2	0.042
clean_E0894.phy-out.fas	2		1	0.741
clean_E0894.phy-out.fas	1		2	0.259
clean_E0895.phy-out.fas	2		1	0.833
clean_E0895.phy-out.fas	1		2	0.167
clean_E0896.phy-out.fas	1		1	1.000
clean_E0896.phy-out.fas	2		2	8e-05
clean_E0897.phy-out.fas	2		1	0.704
clean_E0897.phy-out.fas	1		2	0.296
clean_E0898.phy-out.fas	2		1	0.912
clean_E0898.phy-out.fas	1		2	0.088
clean_E0906.phy-out.fas	1		1	0.568
clean_E0906.phy-out.fas	2		2	0.432
clean_E0907.phy-out.fas	2		1	0.615
clean_E0907.phy-out.fas	1		2	0.385
clean_E0910.phy-out.fas	1		1	0.919
clean_E0910.phy-out.fas	2		2	0.081
clean_E0911.phy-out.fas	1		1	0.932
clean_E0911.phy-out.fas	2		2	0.068
clean_E0912.phy-out.fas	2		1	0.985
clean_E0912.phy-out.fas	1		2	0.015
clean_E0913.phy-out.fas	1		1	0.603
clean_E0913.phy-out.fas	2		2	0.397
clean_E0914.phy-out.fas	1		1	0.753
clean_E0914.phy-out.fas	2		2	0.247
clean_E0915.phy-out.fas	2		1	0.999
clean_E0915.phy-out.fas	1		2	0.001
clean_E0917.phy-out.fas	2		1	0.571
clean_E0917.phy-out.fas	1		2	0.429
clean_E0918.phy-out.fas	1		1	0.682
clean_E0918.phy-out.fas	2		2	0.318
clean_E0924.phy-out.fas	1		1	0.875
clean_E0924.phy-out.fas	2		2	0.125
clean_E0925.phy-out.fas	1		1	0.754
clean_E0925.phy-out.fas	2		2	0.246
clean_E0927.phy-out.fas	2		1	0.645
clean_E0927.phy-out.fas	1		2	0.355
clean_E0929.phy-out.fas	2		1	0.844
clean_E0929.phy-out.fas	1		2	0.156
clean_E0930.phy-out.fas	1		1	0.839
clean_E0930.phy-out.fas	2		2	0.161
clean_E0931.phy-out.fas	2		1	0.617
clean_E0931.phy-out.fas	1		2	0.383
clean_E0932.phy-out.fas	2		1	0.898
clean_E0932.phy-out.fas	1		2	0.102
clean_E0934.phy-out.fas	1		1	0.704
clean_E0934.phy-out.fas	2		2	0.296
clean_E0935.phy-out.fas	1		1	0.911
clean_E0935.phy-out.fas	2		2	0.089
clean_E0936.phy-out.fas	2		1	0.642
clean_E0936.phy-out.fas	1		2	0.358
clean_E0937.phy-out.fas	2		1	0.913
clean_E0937.phy-out.fas	1		2	0.087
clean_E0941.phy-out.fas	2		1	0.715
clean_E0941.phy-out.fas	1		2	0.285
clean_E0942.phy-out.fas	2		1	0.896
clean_E0942.phy-out.fas	1		2	0.104
clean_E0943.phy-out.fas	1		1	0.792
clean_E0943.phy-out.fas	2		2	0.208
clean_E0944.phy-out.fas	2		1	0.718
clean_E0944.phy-out.fas	1		2	0.282
clean_E0945.phy-out.fas	2		1	0.847
clean_E0945.phy-out.fas	1		2	0.153
clean_E0947.phy-out.fas	2		1	0.723
clean_E0947.phy-out.fas	1		2	0.277
clean_E0949.phy-out.fas	2		1	0.995
clean_E0949.phy-out.fas	1		2	0.005
clean_E0951.phy-out.fas	2		1	0.614
clean_E0951.phy-out.fas	1		2	0.386
clean_E0952.phy-out.fas	2		1	0.756
clean_E0952.phy-out.fas	1		2	0.244
clean_E0954.phy-out.fas	2		1	0.740
clean_E0954.phy-out.fas	1		2	0.260
clean_E0956.phy-out.fas	2		1	0.873
clean_E0956.phy-out.fas	1		2	0.127
clean_E0958.phy-out.fas	1		1	0.802
clean_E0958.phy-out.fas	2		2	0.198
clean_E0959.phy-out.fas	2		1	0.534
clean_E0959.phy-out.fas	1		2	0.466
clean_E0961.phy-out.fas	2		1	0.797
clean_E0961.phy-out.fas	1		2	0.203
clean_E0964.phy-out.fas	2		1	0.795
clean_E0964.phy-out.fas	1		2	0.205
clean_E0965.phy-out.fas	2		1	0.883
clean_E0965.phy-out.fas	1		2	0.117
clean_E0966.phy-out.fas	1		1	0.509
clean_E0966.phy-out.fas	2		2	0.491
clean_E0969.phy-out.fas	2		1	0.689
clean_E0969.phy-out.fas	1		2	0.311
clean_E0972.phy-out.fas	1		1	0.993
clean_E0972.phy-out.fas	2		2	0.007
clean_E0973.phy-out.fas	2		1	0.930
clean_E0973.phy-out.fas	1		2	0.070
clean_E0981.phy-out.fas	2		1	0.733
clean_E0981.phy-out.fas	1		2	0.267
clean_E0987.phy-out.fas	2		1	0.958
clean_E0987.phy-out.fas	1		2	0.042
clean_E0990.phy-out.fas	2		1	0.794
clean_E0990.phy-out.fas	1		2	0.206
clean_E0994.phy-out.fas	2		1	0.603
clean_E0994.phy-out.fas	1		2	0.397
clean_E0995.phy-out.fas	2		1	0.574
clean_E0995.phy-out.fas	1		2	0.426
clean_E0996.phy-out.fas	1		1	0.700
clean_E0996.phy-out.fas	2		2	0.300
clean_E1000.phy-out.fas	1		1	0.818
clean_E1000.phy-out.fas	2		2	0.182
clean_E1001.phy-out.fas	1		1	0.729
clean_E1001.phy-out.fas	2		2	0.271
clean_E1003.phy-out.fas	1		1	0.861
clean_E1003.phy-out.fas	2		2	0.139
clean_E1004.phy-out.fas	2		1	0.707
clean_E1004.phy-out.fas	1		2	0.293
clean_E1005.phy-out.fas	2		1	0.654
clean_E1005.phy-out.fas	1		2	0.346
clean_E1006.phy-out.fas	1		1	0.934
clean_E1006.phy-out.fas	2		2	0.066
clean_E1008.phy-out.fas	2		1	0.873
clean_E1008.phy-out.fas	1		2	0.127
clean_E1009.phy-out.fas	1		1	0.479
clean_E1009.phy-out.fas	2		2	0.521
clean_E1011.phy-out.fas	1		1	0.626
clean_E1011.phy-out.fas	2		2	0.374
clean_E1012.phy-out.fas	2		1	0.619
clean_E1012.phy-out.fas	1		2	0.381
clean_E1015.phy-out.fas	2		1	0.785
clean_E1015.phy-out.fas	1		2	0.215
clean_E1016.phy-out.fas	2		1	0.837
clean_E1016.phy-out.fas	1		2	0.163
clean_E1017.phy-out.fas	1		1	0.766
clean_E1017.phy-out.fas	2		2	0.234
clean_E1020.phy-out.fas	1		1	0.905
clean_E1020.phy-out.fas	2		2	0.095
clean_E1021.phy-out.fas	2		1	0.747
clean_E1021.phy-out.fas	1		2	0.253
clean_E1022.phy-out.fas	1		1	0.507
clean_E1022.phy-out.fas	2		2	0.493
clean_E1023.phy-out.fas	2		1	0.611
clean_E1023.phy-out.fas	1		2	0.389
clean_E1024.phy-out.fas	2		1	0.569
clean_E1024.phy-out.fas	1		2	0.431
clean_E1028.phy-out.fas	2		1	0.671
clean_E1028.phy-out.fas	1		2	0.329
clean_E1029.phy-out.fas	1		1	0.511
clean_E1029.phy-out.fas	2		2	0.489
clean_E1030.phy-out.fas	2		1	0.682
clean_E1030.phy-out.fas	1		2	0.318
clean_E1031.phy-out.fas	1		1	0.956
clean_E1031.phy-out.fas	2		2	0.044
clean_E1032.phy-out.fas	1		1	0.881
clean_E1032.phy-out.fas	2		2	0.119
clean_E1038.phy-out.fas	2		1	0.802
clean_E1038.phy-out.fas	1		2	0.198
clean_E1040.phy-out.fas	1		1	0.573
clean_E1040.phy-out.fas	2		2	0.427
clean_E1041.phy-out.fas	1		1	0.579
clean_E1041.phy-out.fas	2		2	0.421
clean_E1042.phy-out.fas	2		1	0.886
clean_E1042.phy-out.fas	1		2	0.114
clean_E1046.phy-out.fas	1		1	0.610
clean_E1046.phy-out.fas	2		2	0.390
clean_E1047.phy-out.fas	2		1	0.559
clean_E1047.phy-out.fas	1		2	0.441
clean_E1048.phy-out.fas	1		1	0.568
clean_E1048.phy-out.fas	2		2	0.432
clean_E1051.phy-out.fas	1		1	0.732
clean_E1051.phy-out.fas	2		2	0.268
clean_E1053.phy-out.fas	1		1	0.741
clean_E1053.phy-out.fas	2		2	0.259
clean_E1055.phy-out.fas	1		1	0.932
clean_E1055.phy-out.fas	2		2	0.068
clean_E1056.phy-out.fas	2		1	0.516
clean_E1056.phy-out.fas	1		2	0.484
clean_E1057.phy-out.fas	2		1	0.551
clean_E1057.phy-out.fas	1		2	0.449
clean_E1058.phy-out.fas	1		1	0.550
clean_E1058.phy-out.fas	2		2	0.450
clean_E1060.phy-out.fas	2		1	0.667
clean_E1060.phy-out.fas	1		2	0.333
clean_E1061.phy-out.fas	1		1	0.833
clean_E1061.phy-out.fas	2		2	0.167
clean_E1062.phy-out.fas	1		1	0.880
clean_E1062.phy-out.fas	2		2	0.120
clean_E1063.phy-out.fas	2		1	0.701
clean_E1063.phy-out.fas	1		2	0.299
clean_E1064.phy-out.fas	2		1	0.630
clean_E1064.phy-out.fas	1		2	0.370
clean_E1067.phy-out.fas	1		1	0.973
clean_E1067.phy-out.fas	2		2	0.027
clean_E1068.phy-out.fas	1		1	0.989
clean_E1068.phy-out.fas	2		2	0.011
clean_E1069.phy-out.fas	1		1	0.759
clean_E1069.phy-out.fas	2		2	0.241
clean_E1071.phy-out.fas	1		1	0.908
clean_E1071.phy-out.fas	2		2	0.092
clean_E1072.phy-out.fas	1		1	0.836
clean_E1072.phy-out.fas	2		2	0.164
clean_E1074.phy-out.fas	2		1	0.766
clean_E1074.phy-out.fas	1		2	0.234
clean_E1077.phy-out.fas	1		1	0.963
clean_E1077.phy-out.fas	2		2	0.037
clean_E1078.phy-out.fas	1		1	0.690
clean_E1078.phy-out.fas	2		2	0.310
clean_E1079.phy-out.fas	2		1	0.693
clean_E1079.phy-out.fas	1		2	0.307
clean_E1083.phy-out.fas	1		1	0.763
clean_E1083.phy-out.fas	2		2	0.237
clean_E1084.phy-out.fas	2		1	0.498
clean_E1084.phy-out.fas	1		2	0.502
clean_E1086.phy-out.fas	2		1	0.518
clean_E1086.phy-out.fas	1		2	0.482
clean_E1088.phy-out.fas	2		1	0.761
clean_E1088.phy-out.fas	1		2	0.239
clean_E1089.phy-out.fas	2		1	0.757
clean_E1089.phy-out.fas	1		2	0.243
clean_E1090.phy-out.fas	2		1	0.520
clean_E1090.phy-out.fas	1		2	0.480
clean_E1091.phy-out.fas	1		1	0.845
clean_E1091.phy-out.fas	2		2	0.155
clean_E1092.phy-out.fas	2		1	0.693
clean_E1092.phy-out.fas	1		2	0.307
clean_E1093.phy-out.fas	1		1	0.655
clean_E1093.phy-out.fas	2		2	0.345
clean_E1095.phy-out.fas	2		1	0.731
clean_E1095.phy-out.fas	1		2	0.269
clean_E1096.phy-out.fas	2		1	0.511
clean_E1096.phy-out.fas	1		2	0.489
clean_E1097.phy-out.fas	1		1	0.769
clean_E1097.phy-out.fas	2		2	0.231
clean_E1098.phy-out.fas	1		1	0.740
clean_E1098.phy-out.fas	2		2	0.260
clean_E1099.phy-out.fas	1		1	0.515
clean_E1099.phy-out.fas	2		2	0.485
clean_E1101.phy-out.fas	2		1	0.880
clean_E1101.phy-out.fas	1		2	0.120
clean_E1102.phy-out.fas	1		1	0.576
clean_E1102.phy-out.fas	2		2	0.424
clean_E1103.phy-out.fas	1		1	0.610
clean_E1103.phy-out.fas	2		2	0.390
clean_E1104.phy-out.fas	1		1	0.962
clean_E1104.phy-out.fas	2		2	0.038
clean_E1105.phy-out.fas	2		1	0.761
clean_E1105.phy-out.fas	1		2	0.239
clean_E1106.phy-out.fas	2		1	0.867
clean_E1106.phy-out.fas	1		2	0.133
clean_E1107.phy-out.fas	2		1	0.872
clean_E1107.phy-out.fas	1		2	0.128
clean_E1108.phy-out.fas	1		1	0.692
clean_E1108.phy-out.fas	2		2	0.308
clean_E1109.phy-out.fas	1		1	0.667
clean_E1109.phy-out.fas	2		2	0.333
clean_E1110.phy-out.fas	1		1	0.578
clean_E1110.phy-out.fas	2		2	0.422
clean_E1111.phy-out.fas	2		1	0.962
clean_E1111.phy-out.fas	1		2	0.038
clean_E1112.phy-out.fas	2		1	0.725
clean_E1112.phy-out.fas	1		2	0.275
clean_E1113.phy-out.fas	2		1	0.624
clean_E1113.phy-out.fas	1		2	0.376
clean_E1114.phy-out.fas	2		1	0.589
clean_E1114.phy-out.fas	1		2	0.411
clean_E1116.phy-out.fas	2		1	0.577
clean_E1116.phy-out.fas	1		2	0.423
clean_E1117.phy-out.fas	1		1	0.835
clean_E1117.phy-out.fas	2		2	0.165
clean_E1118.phy-out.fas	2		1	0.988
clean_E1118.phy-out.fas	1		2	0.012
clean_E1120.phy-out.fas	2		1	0.952
clean_E1120.phy-out.fas	1		2	0.048
clean_E1122.phy-out.fas	2		1	0.602
clean_E1122.phy-out.fas	1		2	0.398
clean_E1123.phy-out.fas	1		1	0.863
clean_E1123.phy-out.fas	2		2	0.137
clean_E1124.phy-out.fas	2		1	0.650
clean_E1124.phy-out.fas	1		2	0.350
clean_E1125.phy-out.fas	2		1	0.917
clean_E1125.phy-out.fas	1		2	0.083
clean_E1126.phy-out.fas	2		1	0.553
clean_E1126.phy-out.fas	1		2	0.447
clean_E1127.phy-out.fas	2		1	0.542
clean_E1127.phy-out.fas	1		2	0.458
clean_E1128.phy-out.fas	1		1	0.658
clean_E1128.phy-out.fas	2		2	0.342
clean_E1130.phy-out.fas	2		1	0.684
clean_E1130.phy-out.fas	1		2	0.316
clean_E1131.phy-out.fas	2		1	0.874
clean_E1131.phy-out.fas	1		2	0.126
clean_E1132.phy-out.fas	2		1	0.642
clean_E1132.phy-out.fas	1		2	0.358
clean_E1133.phy-out.fas	2		1	0.900
clean_E1133.phy-out.fas	1		2	0.100
clean_E1137.phy-out.fas	2		1	0.778
clean_E1137.phy-out.fas	1		2	0.222
clean_E1138.phy-out.fas	1		1	0.819
clean_E1138.phy-out.fas	2		2	0.181
clean_E1139.phy-out.fas	1		1	0.491
clean_E1139.phy-out.fas	2		2	0.509
clean_E1140.phy-out.fas	2		1	0.663
clean_E1140.phy-out.fas	1		2	0.337
clean_E1142.phy-out.fas	1		1	0.792
clean_E1142.phy-out.fas	2		2	0.208
clean_E1143.phy-out.fas	2		1	0.648
clean_E1143.phy-out.fas	1		2	0.352
clean_E1145.phy-out.fas	2		1	0.903
clean_E1145.phy-out.fas	1		2	0.097
clean_E1146.phy-out.fas	2		1	0.985
clean_E1146.phy-out.fas	1		2	0.015
clean_E1149.phy-out.fas	1		1	0.838
clean_E1149.phy-out.fas	2		2	0.162
clean_E1151.phy-out.fas	2		1	0.969
clean_E1151.phy-out.fas	1		2	0.031
clean_E1152.phy-out.fas	2		1	0.999
clean_E1152.phy-out.fas	1		2	0.001
clean_E1153.phy-out.fas	2		1	0.643
clean_E1153.phy-out.fas	1		2	0.357
clean_E1154.phy-out.fas	2		1	0.808
clean_E1154.phy-out.fas	1		2	0.192
clean_E1157.phy-out.fas	1		1	0.649
clean_E1157.phy-out.fas	2		2	0.351
clean_E1158.phy-out.fas	2		1	0.762
clean_E1158.phy-out.fas	1		2	0.238
clean_E1159.phy-out.fas	2		1	0.979
clean_E1159.phy-out.fas	1		2	0.021
clean_E1161.phy-out.fas	2		1	0.746
clean_E1161.phy-out.fas	1		2	0.254
clean_E1163.phy-out.fas	2		1	0.691
clean_E1163.phy-out.fas	1		2	0.309
clean_E1164.phy-out.fas	2		1	0.999
clean_E1164.phy-out.fas	1		2	0.001
clean_E1165.phy-out.fas	2		1	0.673
clean_E1165.phy-out.fas	1		2	0.327
clean_E1166.phy-out.fas	2		1	0.798
clean_E1166.phy-out.fas	1		2	0.202
clean_E1167.phy-out.fas	2		1	0.501
clean_E1167.phy-out.fas	1		2	0.499
clean_E1169.phy-out.fas	2		1	0.893
clean_E1169.phy-out.fas	1		2	0.107
clean_E1170.phy-out.fas	2		1	0.985
clean_E1170.phy-out.fas	1		2	0.015
clean_E1171.phy-out.fas	2		1	0.963
clean_E1171.phy-out.fas	1		2	0.037
clean_E1174.phy-out.fas	1		1	0.702
clean_E1174.phy-out.fas	2		2	0.298
clean_E1178.phy-out.fas	2		1	0.937
clean_E1178.phy-out.fas	1		2	0.063
clean_E1179.phy-out.fas	2		1	0.805
clean_E1179.phy-out.fas	1		2	0.195
clean_E1180.phy-out.fas	2		1	0.510
clean_E1180.phy-out.fas	1		2	0.490
clean_E1182.phy-out.fas	2		1	0.958
clean_E1182.phy-out.fas	1		2	0.042
clean_E1183.phy-out.fas	1		1	0.986
clean_E1183.phy-out.fas	2		2	0.014
clean_E1184.phy-out.fas	2		1	0.929
clean_E1184.phy-out.fas	1		2	0.071
clean_E1185.phy-out.fas	1		1	0.730
clean_E1185.phy-out.fas	2		2	0.270
clean_E1186.phy-out.fas	2		1	0.735
clean_E1186.phy-out.fas	1		2	0.265
clean_E1187.phy-out.fas	2		1	0.952
clean_E1187.phy-out.fas	1		2	0.048
clean_E1189.phy-out.fas	2		1	0.811
clean_E1189.phy-out.fas	1		2	0.189
clean_E1190.phy-out.fas	2		1	0.928
clean_E1190.phy-out.fas	1		2	0.072
clean_E1191.phy-out.fas	2		1	0.936
clean_E1191.phy-out.fas	1		2	0.064
clean_E1192.phy-out.fas	1		1	0.938
clean_E1192.phy-out.fas	2		2	0.062
clean_E1193.phy-out.fas	1		1	0.890
clean_E1193.phy-out.fas	2		2	0.110
clean_E1194.phy-out.fas	2		1	0.897
clean_E1194.phy-out.fas	1		2	0.103
clean_E1195.phy-out.fas	2		1	0.741
clean_E1195.phy-out.fas	1		2	0.259
clean_E1196.phy-out.fas	2		1	0.919
clean_E1196.phy-out.fas	1		2	0.081
clean_E1197.phy-out.fas	2		1	0.827
clean_E1197.phy-out.fas	1		2	0.173
clean_E1202.phy-out.fas	2		1	0.965
clean_E1202.phy-out.fas	1		2	0.035
clean_E1203.phy-out.fas	2		1	0.633
clean_E1203.phy-out.fas	1		2	0.367
clean_E1204.phy-out.fas	2		1	0.530
clean_E1204.phy-out.fas	1		2	0.470
clean_E1206.phy-out.fas	2		1	0.520
clean_E1206.phy-out.fas	1		2	0.480
clean_E1208.phy-out.fas	1		1	0.765
clean_E1208.phy-out.fas	2		2	0.235
clean_E1209.phy-out.fas	1		1	0.505
clean_E1209.phy-out.fas	2		2	0.495
clean_E1210.phy-out.fas	1		1	0.923
clean_E1210.phy-out.fas	2		2	0.077
clean_E1211.phy-out.fas	1		1	0.750
clean_E1211.phy-out.fas	2		2	0.250
clean_E1212.phy-out.fas	2		1	0.956
clean_E1212.phy-out.fas	1		2	0.044
clean_E1214.phy-out.fas	2		1	0.811
clean_E1214.phy-out.fas	1		2	0.189
clean_E1216.phy-out.fas	2		1	0.654
clean_E1216.phy-out.fas	1		2	0.346
clean_E1218.phy-out.fas	2		1	0.897
clean_E1218.phy-out.fas	1		2	0.103
clean_E1222.phy-out.fas	2		1	0.955
clean_E1222.phy-out.fas	1		2	0.045
clean_E1223.phy-out.fas	1		1	0.684
clean_E1223.phy-out.fas	2		2	0.316
clean_E1224.phy-out.fas	1		1	0.846
clean_E1224.phy-out.fas	2		2	0.154
clean_E1227.phy-out.fas	1		1	0.895
clean_E1227.phy-out.fas	2		2	0.105
clean_E1228.phy-out.fas	2		1	0.587
clean_E1228.phy-out.fas	1		2	0.413
clean_E1229.phy-out.fas	2		1	0.801
clean_E1229.phy-out.fas	1		2	0.199
clean_E1230.phy-out.fas	1		1	0.505
clean_E1230.phy-out.fas	2		2	0.495
clean_E1232.phy-out.fas	2		1	0.922
clean_E1232.phy-out.fas	1		2	0.078
clean_E1233.phy-out.fas	1		1	0.930
clean_E1233.phy-out.fas	2		2	0.070
clean_E1235.phy-out.fas	2		1	0.709
clean_E1235.phy-out.fas	1		2	0.291
clean_E1236.phy-out.fas	1		1	0.628
clean_E1236.phy-out.fas	2		2	0.372
clean_E1237.phy-out.fas	1		1	0.800
clean_E1237.phy-out.fas	2		2	0.200
clean_E1238.phy-out.fas	1		1	0.593
clean_E1238.phy-out.fas	2		2	0.407
clean_E1239.phy-out.fas	1		1	0.705
clean_E1239.phy-out.fas	2		2	0.295
clean_E1240.phy-out.fas	2		1	0.686
clean_E1240.phy-out.fas	1		2	0.314
clean_E1241.phy-out.fas	1		1	0.817
clean_E1241.phy-out.fas	2		2	0.183
clean_E1242.phy-out.fas	1		1	0.856
clean_E1242.phy-out.fas	2		2	0.144
clean_E1243.phy-out.fas	2		1	0.943
clean_E1243.phy-out.fas	1		2	0.057
clean_E1244.phy-out.fas	2		1	0.853
clean_E1244.phy-out.fas	1		2	0.147
clean_E1245.phy-out.fas	2		1	0.926
clean_E1245.phy-out.fas	1		2	0.074
clean_E1246.phy-out.fas	1		1	0.995
clean_E1246.phy-out.fas	2		2	0.005
clean_E1247.phy-out.fas	1		1	0.747
clean_E1247.phy-out.fas	2		2	0.253
clean_E1249.phy-out.fas	1		1	0.948
clean_E1249.phy-out.fas	2		2	0.052
clean_E1250.phy-out.fas	2		1	0.664
clean_E1250.phy-out.fas	1		2	0.336
clean_E1251.phy-out.fas	1		1	0.960
clean_E1251.phy-out.fas	2		2	0.040
clean_E1252.phy-out.fas	1		1	0.631
clean_E1252.phy-out.fas	2		2	0.369
clean_E1253.phy-out.fas	1		1	0.700
clean_E1253.phy-out.fas	2		2	0.300
clean_E1254.phy-out.fas	2		1	0.878
clean_E1254.phy-out.fas	1		2	0.122
clean_E1255.phy-out.fas	1		1	0.776
clean_E1255.phy-out.fas	2		2	0.224
clean_E1257.phy-out.fas	2		1	0.919
clean_E1257.phy-out.fas	1		2	0.081
clean_E1258.phy-out.fas	2		1	0.991
clean_E1258.phy-out.fas	1		2	0.009
clean_E1259.phy-out.fas	1		1	0.988
clean_E1259.phy-out.fas	2		2	0.012
clean_E1260.phy-out.fas	2		1	0.679
clean_E1260.phy-out.fas	1		2	0.321
clean_E1261.phy-out.fas	2		1	0.974
clean_E1261.phy-out.fas	1		2	0.026
clean_E1262.phy-out.fas	1		1	0.883
clean_E1262.phy-out.fas	2		2	0.117
clean_E1263.phy-out.fas	2		1	0.912
clean_E1263.phy-out.fas	1		2	0.088
clean_E1265.phy-out.fas	2		1	0.640
clean_E1265.phy-out.fas	1		2	0.360
clean_E1266.phy-out.fas	1		1	0.600
clean_E1266.phy-out.fas	2		2	0.400
clean_E1267.phy-out.fas	2		1	0.862
clean_E1267.phy-out.fas	1		2	0.138
clean_E1269.phy-out.fas	1		1	0.622
clean_E1269.phy-out.fas	2		2	0.378
clean_E1270.phy-out.fas	2		1	0.548
clean_E1270.phy-out.fas	1		2	0.452
clean_E1271.phy-out.fas	2		1	0.854
clean_E1271.phy-out.fas	1		2	0.146
clean_E1273.phy-out.fas	2		1	0.620
clean_E1273.phy-out.fas	1		2	0.380
clean_E1274.phy-out.fas	1		1	0.600
clean_E1274.phy-out.fas	2		2	0.400
clean_E1275.phy-out.fas	2		1	0.744
clean_E1275.phy-out.fas	1		2	0.256
clean_E1276.phy-out.fas	2		1	0.973
clean_E1276.phy-out.fas	1		2	0.027
clean_E1277.phy-out.fas	2		1	0.717
clean_E1277.phy-out.fas	1		2	0.283
clean_E1281.phy-out.fas	2		1	0.919
clean_E1281.phy-out.fas	1		2	0.081
clean_E1282.phy-out.fas	1		1	0.633
clean_E1282.phy-out.fas	2		2	0.367
clean_E1283.phy-out.fas	2		1	0.933
clean_E1283.phy-out.fas	1		2	0.067
clean_E1286.phy-out.fas	1		1	0.822
clean_E1286.phy-out.fas	2		2	0.178
clean_E1287.phy-out.fas	2		1	0.565
clean_E1287.phy-out.fas	1		2	0.435
clean_E1288.phy-out.fas	1		1	0.572
clean_E1288.phy-out.fas	2		2	0.428
clean_E1289.phy-out.fas	2		1	0.997
clean_E1289.phy-out.fas	1		2	0.003
clean_E1290.phy-out.fas	1		1	0.555
clean_E1290.phy-out.fas	2		2	0.445
clean_E1291.phy-out.fas	2		1	0.545
clean_E1291.phy-out.fas	1		2	0.455
clean_E1293.phy-out.fas	2		1	0.903
clean_E1293.phy-out.fas	1		2	0.097
clean_E1294.phy-out.fas	2		1	0.605
clean_E1294.phy-out.fas	1		2	0.395
clean_E1295.phy-out.fas	1		1	0.562
clean_E1295.phy-out.fas	2		2	0.438
clean_E1296.phy-out.fas	2		1	0.476
clean_E1296.phy-out.fas	1		2	0.524
clean_E1297.phy-out.fas	1		1	0.870
clean_E1297.phy-out.fas	2		2	0.130
clean_E1298.phy-out.fas	1		1	0.531
clean_E1298.phy-out.fas	2		2	0.469
clean_E1300.phy-out.fas	1		1	0.887
clean_E1300.phy-out.fas	2		2	0.113
clean_E1302.phy-out.fas	1		1	0.979
clean_E1302.phy-out.fas	2		2	0.021
clean_E1303.phy-out.fas	2		1	0.812
clean_E1303.phy-out.fas	1		2	0.188
clean_E1305.phy-out.fas	2		1	0.921
clean_E1305.phy-out.fas	1		2	0.079
clean_E1307.phy-out.fas	2		1	0.827
clean_E1307.phy-out.fas	1		2	0.173
clean_E1309.phy-out.fas	2		1	0.816
clean_E1309.phy-out.fas	1		2	0.184
clean_E1310.phy-out.fas	1		1	0.959
clean_E1310.phy-out.fas	2		2	0.041
clean_E1311.phy-out.fas	2		1	0.580
clean_E1311.phy-out.fas	1		2	0.420
clean_E1312.phy-out.fas	1		1	0.597
clean_E1312.phy-out.fas	2		2	0.403
clean_E1313.phy-out.fas	1		1	0.527
clean_E1313.phy-out.fas	2		2	0.473
clean_E1314.phy-out.fas	1		1	0.781
clean_E1314.phy-out.fas	2		2	0.219
clean_E1316.phy-out.fas	1		1	0.642
clean_E1316.phy-out.fas	2		2	0.358
clean_E1317.phy-out.fas	2		1	0.677
clean_E1317.phy-out.fas	1		2	0.323
clean_E1318.phy-out.fas	1		1	0.711
clean_E1318.phy-out.fas	2		2	0.289
clean_E1319.phy-out.fas	2		1	0.521
clean_E1319.phy-out.fas	1		2	0.479
clean_E1320.phy-out.fas	2		1	0.852
clean_E1320.phy-out.fas	1		2	0.148
clean_E1321.phy-out.fas	2		1	0.842
clean_E1321.phy-out.fas	1		2	0.158
clean_E1323.phy-out.fas	1		1	0.767
clean_E1323.phy-out.fas	2		2	0.233
clean_E1324.phy-out.fas	1		1	0.902
clean_E1324.phy-out.fas	2		2	0.098
clean_E1325.phy-out.fas	2		1	0.965
clean_E1325.phy-out.fas	1		2	0.035
clean_E1326.phy-out.fas	1		1	0.828
clean_E1326.phy-out.fas	2		2	0.172
clean_E1327.phy-out.fas	2		1	0.653
clean_E1327.phy-out.fas	1		2	0.347
clean_E1328.phy-out.fas	1		1	0.649
clean_E1328.phy-out.fas	2		2	0.351
clean_E1329.phy-out.fas	2		1	0.629
clean_E1329.phy-out.fas	1		2	0.371
clean_E1330.phy-out.fas	2		1	0.524
clean_E1330.phy-out.fas	1		2	0.476
clean_E1331.phy-out.fas	2		1	0.804
clean_E1331.phy-out.fas	1		2	0.196
clean_E1333.phy-out.fas	1		1	0.540
clean_E1333.phy-out.fas	2		2	0.460
clean_E1334.phy-out.fas	1		1	0.800
clean_E1334.phy-out.fas	2		2	0.200
clean_E1335.phy-out.fas	2		1	0.565
clean_E1335.phy-out.fas	1		2	0.435
clean_E1337.phy-out.fas	2		1	0.998
clean_E1337.phy-out.fas	1		2	0.002
clean_E1338.phy-out.fas	2		1	0.782
clean_E1338.phy-out.fas	1		2	0.218
clean_E1339.phy-out.fas	1		1	0.504
clean_E1339.phy-out.fas	2		2	0.496
clean_E1341.phy-out.fas	1		1	0.959
clean_E1341.phy-out.fas	2		2	0.041
clean_E1343.phy-out.fas	1		1	0.618
clean_E1343.phy-out.fas	2		2	0.382
clean_E1344.phy-out.fas	1		1	0.663
clean_E1344.phy-out.fas	2		2	0.337
clean_E1346.phy-out.fas	2		1	0.988
clean_E1346.phy-out.fas	1		2	0.012
clean_E1347.phy-out.fas	1		1	0.771
clean_E1347.phy-out.fas	2		2	0.229
clean_E1348.phy-out.fas	2		1	0.996
clean_E1348.phy-out.fas	1		2	0.004
clean_E1350.phy-out.fas	2		1	0.559
clean_E1350.phy-out.fas	1		2	0.441
clean_E1351.phy-out.fas	1		1	0.610
clean_E1351.phy-out.fas	2		2	0.390
clean_E1354.phy-out.fas	2		1	0.896
clean_E1354.phy-out.fas	1		2	0.104
clean_E1355.phy-out.fas	2		1	0.727
clean_E1355.phy-out.fas	1		2	0.273
clean_E1356.phy-out.fas	1		1	0.922
clean_E1356.phy-out.fas	2		2	0.078
clean_E1357.phy-out.fas	1		1	0.775
clean_E1357.phy-out.fas	2		2	0.225
clean_E1359.phy-out.fas	2		1	0.981
clean_E1359.phy-out.fas	1		2	0.019
clean_E1360.phy-out.fas	1		1	0.698
clean_E1360.phy-out.fas	2		2	0.302
clean_E1361.phy-out.fas	1		1	0.921
clean_E1361.phy-out.fas	2		2	0.079
clean_E1362.phy-out.fas	1		1	0.738
clean_E1362.phy-out.fas	2		2	0.262
clean_E1364.phy-out.fas	2		1	0.850
clean_E1364.phy-out.fas	1		2	0.150
clean_E1365.phy-out.fas	2		1	0.668
clean_E1365.phy-out.fas	1		2	0.332
clean_E1366.phy-out.fas	1		1	0.716
clean_E1366.phy-out.fas	2		2	0.284
clean_E1367.phy-out.fas	2		1	0.728
clean_E1367.phy-out.fas	1		2	0.272
clean_E1368.phy-out.fas	1		1	0.642
clean_E1368.phy-out.fas	2		2	0.358
clean_E1369.phy-out.fas	2		1	0.945
clean_E1369.phy-out.fas	1		2	0.055
clean_E1371.phy-out.fas	1		1	0.953
clean_E1371.phy-out.fas	2		2	0.047
clean_E1373.phy-out.fas	2		1	0.945
clean_E1373.phy-out.fas	1		2	0.055
clean_E1375.phy-out.fas	1		1	0.697
clean_E1375.phy-out.fas	2		2	0.303
clean_E1376.phy-out.fas	2		1	0.860
clean_E1376.phy-out.fas	1		2	0.140
clean_E1377.phy-out.fas	1		1	0.591
clean_E1377.phy-out.fas	2		2	0.409
clean_E1378.phy-out.fas	1		1	0.646
clean_E1378.phy-out.fas	2		2	0.354
clean_E1379.phy-out.fas	1		1	0.954
clean_E1379.phy-out.fas	2		2	0.046
clean_E1380.phy-out.fas	2		1	0.538
clean_E1380.phy-out.fas	1		2	0.462
clean_E1381.phy-out.fas	1		1	0.983
clean_E1381.phy-out.fas	2		2	0.017
clean_E1382.phy-out.fas	1		1	0.777
clean_E1382.phy-out.fas	2		2	0.223
clean_E1383.phy-out.fas	1		1	0.920
clean_E1383.phy-out.fas	2		2	0.080
clean_E1384.phy-out.fas	2		1	0.693
clean_E1384.phy-out.fas	1		2	0.307
clean_E1385.phy-out.fas	2		1	0.992
clean_E1385.phy-out.fas	1		2	0.008
clean_E1386.phy-out.fas	2		1	0.610
clean_E1386.phy-out.fas	1		2	0.390
clean_E1387.phy-out.fas	1		1	0.860
clean_E1387.phy-out.fas	2		2	0.140
clean_E1388.phy-out.fas	2		1	0.805
clean_E1388.phy-out.fas	1		2	0.195
clean_E1390.phy-out.fas	2		1	0.834
clean_E1390.phy-out.fas	1		2	0.166
clean_E1391.phy-out.fas	2		1	0.738
clean_E1391.phy-out.fas	1		2	0.262
clean_E1392.phy-out.fas	2		1	0.726
clean_E1392.phy-out.fas	1		2	0.274
clean_E1393.phy-out.fas	2		1	0.965
clean_E1393.phy-out.fas	1		2	0.035
clean_E1394.phy-out.fas	2		1	0.502
clean_E1394.phy-out.fas	1		2	0.498
clean_E1395.phy-out.fas	2		1	0.899
clean_E1395.phy-out.fas	1		2	0.101
clean_E1396.phy-out.fas	1		1	0.839
clean_E1396.phy-out.fas	2		2	0.161
clean_E1397.phy-out.fas	2		1	0.955
clean_E1397.phy-out.fas	1		2	0.045
clean_E1398.phy-out.fas	1		1	0.676
clean_E1398.phy-out.fas	2		2	0.324
clean_E1399.phy-out.fas	2		1	0.796
clean_E1399.phy-out.fas	1		2	0.204
clean_E1400.phy-out.fas	2		1	0.962
clean_E1400.phy-out.fas	1		2	0.038
clean_E1401.phy-out.fas	2		1	0.978
clean_E1401.phy-out.fas	1		2	0.022
clean_E1403.phy-out.fas	2		1	0.896
clean_E1403.phy-out.fas	1		2	0.104
clean_E1404.phy-out.fas	2		1	0.995
clean_E1404.phy-out.fas	1		2	0.005
clean_E1405.phy-out.fas	1		1	0.531
clean_E1405.phy-out.fas	2		2	0.469
clean_E1406.phy-out.fas	1		1	0.853
clean_E1406.phy-out.fas	2		2	0.147
clean_E1408.phy-out.fas	1		1	0.783
clean_E1408.phy-out.fas	2		2	0.217
clean_E1410.phy-out.fas	1		1	0.954
clean_E1410.phy-out.fas	2		2	0.046
clean_E1411.phy-out.fas	1		1	0.970
clean_E1411.phy-out.fas	2		2	0.030
clean_E1412.phy-out.fas	1		1	0.878
clean_E1412.phy-out.fas	2		2	0.122
clean_E1413.phy-out.fas	2		1	0.776
clean_E1413.phy-out.fas	1		2	0.224
clean_E1415.phy-out.fas	1		1	0.747
clean_E1415.phy-out.fas	2		2	0.253
clean_E1416.phy-out.fas	1		1	0.829
clean_E1416.phy-out.fas	2		2	0.171
clean_E1417.phy-out.fas	2		1	0.644
clean_E1417.phy-out.fas	1		2	0.356
clean_E1418.phy-out.fas	2		1	0.570
clean_E1418.phy-out.fas	1		2	0.430
clean_E1419.phy-out.fas	2		1	0.826
clean_E1419.phy-out.fas	1		2	0.174
clean_E1421.phy-out.fas	2		1	0.987
clean_E1421.phy-out.fas	1		2	0.013
clean_E1423.phy-out.fas	2		1	0.997
clean_E1423.phy-out.fas	1		2	0.003
clean_E1424.phy-out.fas	2		1	0.831
clean_E1424.phy-out.fas	1		2	0.169
clean_E1425.phy-out.fas	2		1	0.553
clean_E1425.phy-out.fas	1		2	0.447
clean_E1426.phy-out.fas	1		1	0.917
clean_E1426.phy-out.fas	2		2	0.083
clean_E1427.phy-out.fas	2		1	0.995
clean_E1427.phy-out.fas	1		2	0.005
clean_E1428.phy-out.fas	1		1	0.875
clean_E1428.phy-out.fas	2		2	0.125
clean_E1430.phy-out.fas	2		1	0.520
clean_E1430.phy-out.fas	1		2	0.480
clean_E1431.phy-out.fas	2		1	0.873
clean_E1431.phy-out.fas	1		2	0.127
clean_E1432.phy-out.fas	1		1	0.836
clean_E1432.phy-out.fas	2		2	0.164
clean_E1435.phy-out.fas	2		1	0.591
clean_E1435.phy-out.fas	1		2	0.409
clean_E1437.phy-out.fas	2		1	0.523
clean_E1437.phy-out.fas	1		2	0.477
clean_E1438.phy-out.fas	1		1	0.503
clean_E1438.phy-out.fas	2		2	0.497
clean_E1440.phy-out.fas	1		1	0.797
clean_E1440.phy-out.fas	2		2	0.203
clean_E1441.phy-out.fas	1		1	0.772
clean_E1441.phy-out.fas	2		2	0.228
clean_E1442.phy-out.fas	1		1	0.848
clean_E1442.phy-out.fas	2		2	0.152
clean_E1443.phy-out.fas	2		1	0.589
clean_E1443.phy-out.fas	1		2	0.411
clean_E1444.phy-out.fas	2		1	0.508
clean_E1444.phy-out.fas	1		2	0.492
clean_E1445.phy-out.fas	2		1	0.780
clean_E1445.phy-out.fas	1		2	0.220
clean_E1447.phy-out.fas	1		1	0.757
clean_E1447.phy-out.fas	2		2	0.243
clean_E1449.phy-out.fas	1		1	0.692
clean_E1449.phy-out.fas	2		2	0.308
clean_E1450.phy-out.fas	1		1	0.685
clean_E1450.phy-out.fas	2		2	0.315
clean_E1451.phy-out.fas	1		1	0.758
clean_E1451.phy-out.fas	2		2	0.242
clean_E1452.phy-out.fas	1		1	0.808
clean_E1452.phy-out.fas	2		2	0.192
clean_E1454.phy-out.fas	1		1	0.871
clean_E1454.phy-out.fas	2		2	0.129
clean_E1455.phy-out.fas	1		1	0.972
clean_E1455.phy-out.fas	2		2	0.028
clean_E1456.phy-out.fas	1		1	0.750
clean_E1456.phy-out.fas	2		2	0.250
clean_E1457.phy-out.fas	2		1	0.669
clean_E1457.phy-out.fas	1		2	0.331
clean_E1458.phy-out.fas	1		1	0.972
clean_E1458.phy-out.fas	2		2	0.028
clean_E1459.phy-out.fas	1		1	0.942
clean_E1459.phy-out.fas	2		2	0.058
clean_E1460.phy-out.fas	2		1	0.911
clean_E1460.phy-out.fas	1		2	0.089
clean_E1462.phy-out.fas	2		1	0.674
clean_E1462.phy-out.fas	1		2	0.326
clean_E1463.phy-out.fas	1		1	0.813
clean_E1463.phy-out.fas	2		2	0.187
clean_E1466.phy-out.fas	1		1	0.932
clean_E1466.phy-out.fas	2		2	0.068
clean_E1467.phy-out.fas	2		1	0.709
clean_E1467.phy-out.fas	1		2	0.291
clean_E1469.phy-out.fas	1		1	0.852
clean_E1469.phy-out.fas	2		2	0.148
clean_E1470.phy-out.fas	1		1	0.963
clean_E1470.phy-out.fas	2		2	0.037
clean_E1472.phy-out.fas	2		1	0.926
clean_E1472.phy-out.fas	1		2	0.074
clean_E1473.phy-out.fas	2		1	0.913
clean_E1473.phy-out.fas	1		2	0.087
clean_E1474.phy-out.fas	2		1	0.687
clean_E1474.phy-out.fas	1		2	0.313
clean_E1476.phy-out.fas	1		1	0.507
clean_E1476.phy-out.fas	2		2	0.493
clean_E1477.phy-out.fas	1		1	0.930
clean_E1477.phy-out.fas	2		2	0.070
clean_E1479.phy-out.fas	2		1	0.852
clean_E1479.phy-out.fas	1		2	0.148
clean_E1480.phy-out.fas	2		1	0.626
clean_E1480.phy-out.fas	1		2	0.374
clean_E1481.phy-out.fas	1		1	0.771
clean_E1481.phy-out.fas	2		2	0.229
clean_E1483.phy-out.fas	1		1	0.952
clean_E1483.phy-out.fas	2		2	0.048
clean_E1486.phy-out.fas	1		1	0.968
clean_E1486.phy-out.fas	2		2	0.032
clean_E1488.phy-out.fas	2		1	0.909
clean_E1488.phy-out.fas	1		2	0.091
clean_E1491.phy-out.fas	1		1	0.922
clean_E1491.phy-out.fas	2		2	0.078
clean_E1492.phy-out.fas	2		1	1.000
clean_E1492.phy-out.fas	1		2	2e-04
clean_E1493.phy-out.fas	1		1	0.870
clean_E1493.phy-out.fas	2		2	0.130
clean_E1495.phy-out.fas	2		1	0.694
clean_E1495.phy-out.fas	1		2	0.306
clean_E1496.phy-out.fas	1		1	0.950
clean_E1496.phy-out.fas	2		2	0.050
clean_E1497.phy-out.fas	2		1	0.846
clean_E1497.phy-out.fas	1		2	0.154
clean_E1498.phy-out.fas	2		1	0.998
clean_E1498.phy-out.fas	1		2	0.002
clean_E1499.phy-out.fas	2		1	0.719
clean_E1499.phy-out.fas	1		2	0.281
clean_E1500.phy-out.fas	1		1	0.919
clean_E1500.phy-out.fas	2		2	0.081
clean_E1502.phy-out.fas	1		1	0.846
clean_E1502.phy-out.fas	2		2	0.154
clean_E1504.phy-out.fas	2		1	0.667
clean_E1504.phy-out.fas	1		2	0.333
clean_E1506.phy-out.fas	1		1	0.608
clean_E1506.phy-out.fas	2		2	0.392
clean_E1507.phy-out.fas	2		1	0.738
clean_E1507.phy-out.fas	1		2	0.262
clean_E1509.phy-out.fas	1		1	0.971
clean_E1509.phy-out.fas	2		2	0.029
clean_E1510.phy-out.fas	1		1	0.542
clean_E1510.phy-out.fas	2		2	0.458
clean_E1512.phy-out.fas	2		1	0.966
clean_E1512.phy-out.fas	1		2	0.034
clean_E1513.phy-out.fas	2		1	0.947
clean_E1513.phy-out.fas	1		2	0.053
clean_E1514.phy-out.fas	1		1	0.829
clean_E1514.phy-out.fas	2		2	0.171
clean_E1515.phy-out.fas	1		1	0.976
clean_E1515.phy-out.fas	2		2	0.024
clean_E1518.phy-out.fas	2		1	0.800
clean_E1518.phy-out.fas	1		2	0.200
clean_E1519.phy-out.fas	2		1	0.770
clean_E1519.phy-out.fas	1		2	0.230
clean_E1520.phy-out.fas	2		1	0.864
clean_E1520.phy-out.fas	1		2	0.136
clean_E1521.phy-out.fas	1		1	0.540
clean_E1521.phy-out.fas	2		2	0.460
clean_E1522.phy-out.fas	2		1	0.551
clean_E1522.phy-out.fas	1		2	0.449
clean_E1523.phy-out.fas	2		1	0.743
clean_E1523.phy-out.fas	1		2	0.257
clean_E1524.phy-out.fas	2		1	0.986
clean_E1524.phy-out.fas	1		2	0.014
clean_E1525.phy-out.fas	2		1	0.998
clean_E1525.phy-out.fas	1		2	0.002
clean_E1526.phy-out.fas	1		1	0.659
clean_E1526.phy-out.fas	2		2	0.341
clean_E1527.phy-out.fas	2		1	0.596
clean_E1527.phy-out.fas	1		2	0.404
clean_E1529.phy-out.fas	2		1	0.999
clean_E1529.phy-out.fas	1		2	0.001
clean_E1530.phy-out.fas	1		1	0.565
clean_E1530.phy-out.fas	2		2	0.435
clean_E1531.phy-out.fas	1		1	0.709
clean_E1531.phy-out.fas	2		2	0.291
clean_E1532.phy-out.fas	2		1	0.926
clean_E1532.phy-out.fas	1		2	0.074
clean_E1533.phy-out.fas	1		1	0.661
clean_E1533.phy-out.fas	2		2	0.339
clean_E1534.phy-out.fas	1		1	0.570
clean_E1534.phy-out.fas	2		2	0.430
clean_E1535.phy-out.fas	2		1	0.953
clean_E1535.phy-out.fas	1		2	0.047
clean_E1536.phy-out.fas	1		1	0.668
clean_E1536.phy-out.fas	2		2	0.332
clean_E1537.phy-out.fas	2		1	0.890
clean_E1537.phy-out.fas	1		2	0.110
clean_E1538.phy-out.fas	2		1	0.752
clean_E1538.phy-out.fas	1		2	0.248
clean_E1539.phy-out.fas	1		1	0.985
clean_E1539.phy-out.fas	2		2	0.015
clean_E1540.phy-out.fas	2		1	0.980
clean_E1540.phy-out.fas	1		2	0.020
clean_E1541.phy-out.fas	1		1	0.818
clean_E1541.phy-out.fas	2		2	0.182
clean_E1542.phy-out.fas	1		1	0.965
clean_E1542.phy-out.fas	2		2	0.035
clean_E1543.phy-out.fas	1		1	0.823
clean_E1543.phy-out.fas	2		2	0.177
clean_E1544.phy-out.fas	1		1	0.978
clean_E1544.phy-out.fas	2		2	0.022
clean_E1545.phy-out.fas	1		1	0.750
clean_E1545.phy-out.fas	2		2	0.250
clean_E1546.phy-out.fas	2		1	0.999
clean_E1546.phy-out.fas	1		2	0.001
clean_E1547.phy-out.fas	2		1	0.783
clean_E1547.phy-out.fas	1		2	0.217
clean_E1548.phy-out.fas	2		1	0.928
clean_E1548.phy-out.fas	1		2	0.072
clean_E1549.phy-out.fas	2		1	0.515
clean_E1549.phy-out.fas	1		2	0.485
clean_E1550.phy-out.fas	1		1	0.773
clean_E1550.phy-out.fas	2		2	0.227
clean_E1551.phy-out.fas	2		1	0.522
clean_E1551.phy-out.fas	1		2	0.478
clean_E1554.phy-out.fas	1		1	0.823
clean_E1554.phy-out.fas	2		2	0.177
clean_E1556.phy-out.fas	1		1	0.852
clean_E1556.phy-out.fas	2		2	0.148
clean_E1557.phy-out.fas	2		1	0.934
clean_E1557.phy-out.fas	1		2	0.066
clean_E1558.phy-out.fas	1		1	0.655
clean_E1558.phy-out.fas	2		2	0.345
clean_E1559.phy-out.fas	1		1	0.815
clean_E1559.phy-out.fas	2		2	0.185
clean_E1560.phy-out.fas	2		1	0.720
clean_E1560.phy-out.fas	1		2	0.280
clean_E1561.phy-out.fas	1		1	0.948
clean_E1561.phy-out.fas	2		2	0.052
clean_E1562.phy-out.fas	2		1	1.000
clean_E1562.phy-out.fas	1		2	3e-04
clean_E1563.phy-out.fas	2		1	0.696
clean_E1563.phy-out.fas	1		2	0.304
clean_E1565.phy-out.fas	2		1	0.764
clean_E1565.phy-out.fas	1		2	0.236
clean_E1566.phy-out.fas	1		1	0.927
clean_E1566.phy-out.fas	2		2	0.073
clean_E1567.phy-out.fas	1		1	0.579
clean_E1567.phy-out.fas	2		2	0.421
clean_E1568.phy-out.fas	1		1	0.997
clean_E1568.phy-out.fas	2		2	0.003
clean_E1570.phy-out.fas	2		1	0.516
clean_E1570.phy-out.fas	1		2	0.484
clean_E1573.phy-out.fas	2		1	0.998
clean_E1573.phy-out.fas	1		2	0.002
clean_E1577.phy-out.fas	1		1	0.862
clean_E1577.phy-out.fas	2		2	0.138
clean_E1578.phy-out.fas	1		1	0.963
clean_E1578.phy-out.fas	2		2	0.037
clean_E1579.phy-out.fas	2		1	0.945
clean_E1579.phy-out.fas	1		2	0.055
clean_E1580.phy-out.fas	2		1	0.956
clean_E1580.phy-out.fas	1		2	0.044
clean_E1581.phy-out.fas	2		1	0.999
clean_E1581.phy-out.fas	1		2	0.001
clean_E1582.phy-out.fas	2		1	0.835
clean_E1582.phy-out.fas	1		2	0.165
clean_E1583.phy-out.fas	2		1	0.916
clean_E1583.phy-out.fas	1		2	0.084
clean_E1586.phy-out.fas	2		1	0.736
clean_E1586.phy-out.fas	1		2	0.264
clean_E1587.phy-out.fas	2		1	0.993
clean_E1587.phy-out.fas	1		2	0.007
clean_E1589.phy-out.fas	2		1	0.696
clean_E1589.phy-out.fas	1		2	0.304
clean_E1590.phy-out.fas	2		1	0.981
clean_E1590.phy-out.fas	1		2	0.019
clean_E1591.phy-out.fas	2		1	0.618
clean_E1591.phy-out.fas	1		2	0.382
clean_E1593.phy-out.fas	1		1	0.743
clean_E1593.phy-out.fas	2		2	0.257
clean_E1594.phy-out.fas	1		1	0.940
clean_E1594.phy-out.fas	2		2	0.060
clean_E1595.phy-out.fas	2		1	0.869
clean_E1595.phy-out.fas	1		2	0.131
clean_E1598.phy-out.fas	1		1	0.943
clean_E1598.phy-out.fas	2		2	0.057
clean_E1599.phy-out.fas	2		1	0.978
clean_E1599.phy-out.fas	1		2	0.022
clean_E1600.phy-out.fas	2		1	0.877
clean_E1600.phy-out.fas	1		2	0.123
clean_E1601.phy-out.fas	1		1	0.757
clean_E1601.phy-out.fas	2		2	0.243
clean_E1602.phy-out.fas	2		1	0.929
clean_E1602.phy-out.fas	1		2	0.071
clean_E1604.phy-out.fas	1		1	0.853
clean_E1604.phy-out.fas	2		2	0.147
clean_E1605.phy-out.fas	1		1	0.988
clean_E1605.phy-out.fas	2		2	0.012
clean_E1607.phy-out.fas	1		1	0.786
clean_E1607.phy-out.fas	2		2	0.214
clean_E1608.phy-out.fas	1		1	0.867
clean_E1608.phy-out.fas	2		2	0.133
clean_E1609.phy-out.fas	2		1	0.530
clean_E1609.phy-out.fas	1		2	0.470
clean_E1610.phy-out.fas	1		1	0.636
clean_E1610.phy-out.fas	2		2	0.364
clean_E1611.phy-out.fas	1		1	0.627
clean_E1611.phy-out.fas	2		2	0.373
clean_E1612.phy-out.fas	2		1	0.645
clean_E1612.phy-out.fas	1		2	0.355
clean_E1613.phy-out.fas	2		1	0.512
clean_E1613.phy-out.fas	1		2	0.488
clean_E1614.phy-out.fas	2		1	0.904
clean_E1614.phy-out.fas	1		2	0.096
clean_E1615.phy-out.fas	1		1	0.543
clean_E1615.phy-out.fas	2		2	0.457
clean_E1618.phy-out.fas	1		1	0.778
clean_E1618.phy-out.fas	2		2	0.222
clean_E1621.phy-out.fas	2		1	0.654
clean_E1621.phy-out.fas	1		2	0.346
clean_E1622.phy-out.fas	2		1	0.643
clean_E1622.phy-out.fas	1		2	0.357
clean_E1624.phy-out.fas	1		1	0.900
clean_E1624.phy-out.fas	2		2	0.100
clean_E1626.phy-out.fas	1		1	0.992
clean_E1626.phy-out.fas	2		2	0.008
clean_E1627.phy-out.fas	1		1	0.860
clean_E1627.phy-out.fas	2		2	0.140
clean_E1628.phy-out.fas	2		1	0.912
clean_E1628.phy-out.fas	1		2	0.088
clean_E1629.phy-out.fas	2		1	0.926
clean_E1629.phy-out.fas	1		2	0.074
clean_E1630.phy-out.fas	2		1	0.524
clean_E1630.phy-out.fas	1		2	0.476
clean_E1631.phy-out.fas	1		1	0.591
clean_E1631.phy-out.fas	2		2	0.409
clean_E1633.phy-out.fas	2		1	0.654
clean_E1633.phy-out.fas	1		2	0.346
clean_E1636.phy-out.fas	2		1	0.693
clean_E1636.phy-out.fas	1		2	0.307
clean_E1637.phy-out.fas	2		1	0.910
clean_E1637.phy-out.fas	1		2	0.090
clean_E1638.phy-out.fas	2		1	0.950
clean_E1638.phy-out.fas	1		2	0.050
clean_E1640.phy-out.fas	1		1	0.950
clean_E1640.phy-out.fas	2		2	0.050
clean_E1641.phy-out.fas	2		1	0.594
clean_E1641.phy-out.fas	1		2	0.406
clean_E1642.phy-out.fas	2		1	0.999
clean_E1642.phy-out.fas	1		2	0.001
clean_E1644.phy-out.fas	2		1	0.597
clean_E1644.phy-out.fas	1		2	0.403
clean_E1645.phy-out.fas	2		1	0.849
clean_E1645.phy-out.fas	1		2	0.151
clean_E1646.phy-out.fas	2		1	0.555
clean_E1646.phy-out.fas	1		2	0.445
clean_E1647.phy-out.fas	2		1	0.886
clean_E1647.phy-out.fas	1		2	0.114
clean_E1650.phy-out.fas	2		1	0.719
clean_E1650.phy-out.fas	1		2	0.281
clean_E1651.phy-out.fas	1		1	0.999
clean_E1651.phy-out.fas	2		2	0.001
clean_E1652.phy-out.fas	2		1	0.729
clean_E1652.phy-out.fas	1		2	0.271
clean_E1653.phy-out.fas	1		1	0.707
clean_E1653.phy-out.fas	2		2	0.293
clean_E1656.phy-out.fas	2		1	0.716
clean_E1656.phy-out.fas	1		2	0.284
clean_E1657.phy-out.fas	1		1	0.715
clean_E1657.phy-out.fas	2		2	0.285
clean_E1659.phy-out.fas	2		1	0.975
clean_E1659.phy-out.fas	1		2	0.025
clean_E1660.phy-out.fas	2		1	0.956
clean_E1660.phy-out.fas	1		2	0.044
clean_E1662.phy-out.fas	2		1	0.778
clean_E1662.phy-out.fas	1		2	0.222
clean_E1663.phy-out.fas	2		1	0.851
clean_E1663.phy-out.fas	1		2	0.149
clean_E1664.phy-out.fas	1		1	0.785
clean_E1664.phy-out.fas	2		2	0.215
clean_E1665.phy-out.fas	2		1	0.907
clean_E1665.phy-out.fas	1		2	0.093
clean_E1668.phy-out.fas	2		1	0.923
clean_E1668.phy-out.fas	1		2	0.077
clean_E1669.phy-out.fas	2		1	0.995
clean_E1669.phy-out.fas	1		2	0.005
clean_E1670.phy-out.fas	2		1	0.602
clean_E1670.phy-out.fas	1		2	0.398
clean_E1673.phy-out.fas	1		1	0.712
clean_E1673.phy-out.fas	2		2	0.288
clean_E1674.phy-out.fas	2		1	0.999
clean_E1674.phy-out.fas	1		2	0.001
clean_E1675.phy-out.fas	1		1	0.645
clean_E1675.phy-out.fas	2		2	0.355
clean_E1676.phy-out.fas	2		1	0.911
clean_E1676.phy-out.fas	1		2	0.089
clean_E1677.phy-out.fas	1		1	1.000
clean_E1677.phy-out.fas	2		2	1e-05
clean_E1678.phy-out.fas	1		1	0.615
clean_E1678.phy-out.fas	2		2	0.385
clean_E1680.phy-out.fas	2		1	0.628
clean_E1680.phy-out.fas	1		2	0.372
clean_E1683.phy-out.fas	1		1	0.819
clean_E1683.phy-out.fas	2		2	0.181
clean_E1684.phy-out.fas	1		1	0.645
clean_E1684.phy-out.fas	2		2	0.355
clean_E1685.phy-out.fas	1		1	0.985
clean_E1685.phy-out.fas	2		2	0.015
clean_E1686.phy-out.fas	2		1	0.970
clean_E1686.phy-out.fas	1		2	0.030
clean_E1687.phy-out.fas	1		1	0.962
clean_E1687.phy-out.fas	2		2	0.038
clean_E1689.phy-out.fas	2		1	0.845
clean_E1689.phy-out.fas	1		2	0.155
clean_E1690.phy-out.fas	1		1	0.951
clean_E1690.phy-out.fas	2		2	0.049
clean_E1691.phy-out.fas	2		1	0.486
clean_E1691.phy-out.fas	1		2	0.514
clean_E1692.phy-out.fas	2		1	0.773
clean_E1692.phy-out.fas	1		2	0.227
clean_E1693.phy-out.fas	2		1	0.999
clean_E1693.phy-out.fas	1		2	0.001
clean_E1697.phy-out.fas	2		1	0.638
clean_E1697.phy-out.fas	1		2	0.362
clean_E1699.phy-out.fas	1		1	0.805
clean_E1699.phy-out.fas	2		2	0.195
clean_E1700.phy-out.fas	1		1	0.763
clean_E1700.phy-out.fas	2		2	0.237
clean_E1701.phy-out.fas	1		1	0.777
clean_E1701.phy-out.fas	2		2	0.223
clean_E1705.phy-out.fas	2		1	0.976
clean_E1705.phy-out.fas	1		2	0.024
clean_E1706.phy-out.fas	1		1	0.930
clean_E1706.phy-out.fas	2		2	0.070
clean_E1709.phy-out.fas	1		1	0.625
clean_E1709.phy-out.fas	2		2	0.375
clean_E1711.phy-out.fas	1		1	0.833
clean_E1711.phy-out.fas	2		2	0.167
clean_E1713.phy-out.fas	2		1	0.511
clean_E1713.phy-out.fas	1		2	0.489
clean_E1714.phy-out.fas	1		1	0.527
clean_E1714.phy-out.fas	2		2	0.473
clean_E1715.phy-out.fas	2		1	0.929
clean_E1715.phy-out.fas	1		2	0.071
clean_E1717.phy-out.fas	2		1	0.997
clean_E1717.phy-out.fas	1		2	0.003
clean_E1718.phy-out.fas	2		1	0.998
clean_E1718.phy-out.fas	1		2	0.002
clean_E1719.phy-out.fas	2		1	0.980
clean_E1719.phy-out.fas	1		2	0.020
clean_E1720.phy-out.fas	1		1	0.791
clean_E1720.phy-out.fas	2		2	0.209
clean_E1722.phy-out.fas	2		1	1.000
clean_E1722.phy-out.fas	1		2	5e-04
clean_E1723.phy-out.fas	2		1	0.998
clean_E1723.phy-out.fas	1		2	0.002
clean_E1724.phy-out.fas	2		1	0.562
clean_E1724.phy-out.fas	1		2	0.438
clean_E1728.phy-out.fas	2		1	0.976
clean_E1728.phy-out.fas	1		2	0.024
clean_E1729.phy-out.fas	2		1	0.981
clean_E1729.phy-out.fas	1		2	0.019
clean_E1730.phy-out.fas	2		1	0.998
clean_E1730.phy-out.fas	1		2	0.002
clean_E1732.phy-out.fas	1		1	0.530
clean_E1732.phy-out.fas	2		2	0.470
clean_E1737.phy-out.fas	2		1	0.787
clean_E1737.phy-out.fas	1		2	0.213
clean_E1738.phy-out.fas	2		1	0.780
clean_E1738.phy-out.fas	1		2	0.220
clean_E1739.phy-out.fas	2		1	0.858
clean_E1739.phy-out.fas	1		2	0.142
clean_E1740.phy-out.fas	2		1	0.739
clean_E1740.phy-out.fas	1		2	0.261
clean_E1746.phy-out.fas	2		1	0.688
clean_E1746.phy-out.fas	1		2	0.312
clean_E1748.phy-out.fas	2		1	0.901
clean_E1748.phy-out.fas	1		2	0.099
clean_E1749.phy-out.fas	1		1	0.775
clean_E1749.phy-out.fas	2		2	0.225
clean_E1750.phy-out.fas	2		1	0.715
clean_E1750.phy-out.fas	1		2	0.285
clean_E1751.phy-out.fas	2		1	0.999
clean_E1751.phy-out.fas	1		2	0.001
clean_E1752.phy-out.fas	2		1	0.958
clean_E1752.phy-out.fas	1		2	0.042
clean_E1753.phy-out.fas	1		1	1.000
clean_E1753.phy-out.fas	2		2	6e-06
clean_ND5.phy-out.fas	2		1	0.857
clean_ND5.phy-out.fas	1		2	0.143
